cod_mpio,municipio,departamento,idx_minero,idx_deforestacion,idx_fuego,riesgo_nivel,mineria_titulos,rucom_registros,anm_proyectos,presion_extractiva,formalizacion,brecha_formalizacion,alerta_informalidad
99773,CUMARIBO,VICHADA,0.1102,0.8564,0.8971,Crítico,0,0,8,0.764,0.252,0.512,True
50350,LA MACARENA,META,0.2121,0.9652,0.6871,Crítico,0,0,22,0.785,0.286,0.499,True
18150,CARTAGENA DEL CHAIRÁ,CAQUETÁ,0.0,0.9839,0.3203,Crítico,0,0,0,0.658,0.171,0.487,True
50325,MAPIRIPÁN,META,0.0,0.9098,0.713,Crítico,0,0,3,0.699,0.232,0.467,True
50711,VISTAHERMOSA,META,0.2605,0.8294,0.1735,Crítico,0,0,37,0.739,0.315,0.424,True
86573,PUERTO LEGUÍZAMO,PUTUMAYO,0.3506,0.8349,0.0,Crítico,0,0,23,0.627,0.287,0.34,True
52573,PUERRES,NARIÑO,0.305,0.2721,0.6539,Alto,3,3,5,0.787,0.461,0.326,True
52560,POTOSÍ,NARIÑO,0.434,0.2353,0.0,Medio,0,0,40,0.643,0.32,0.323,True
17662,SAMANÁ,CALDAS,0.3105,0.0,0.5649,Medio,0,0,31,0.623,0.305,0.318,True
47555,PLATO,MAGDALENA,0.1954,0.0,0.9034,Medio,0,0,25,0.612,0.294,0.318,True
86568,PUERTO ASÍS,PUTUMAYO,0.4297,0.7223,0.0,Crítico,0,0,51,0.656,0.339,0.317,True
18753,SAN VICENTE DEL CAGUÁN,CAQUETÁ,0.3478,1.0,0.539,Crítico,4,4,7,0.807,0.491,0.316,True
52233,CUMBITARA,NARIÑO,0.4325,0.0,0.4707,Medio,0,0,53,0.657,0.341,0.316,True
13430,MAGANGUÉ,BOLÍVAR,0.2489,0.0,0.7014,Alto,0,0,31,0.619,0.305,0.314,True
41349,HOBO,HUILA,0.3698,0.0,0.1571,Bajo,0,0,19,0.593,0.281,0.312,True
18756,SOLANO,CAQUETÁ,0.2555,0.8673,0.0,Crítico,0,0,25,0.602,0.294,0.308,True
18247,EL DONCELLO,CAQUETÁ,0.4067,0.4577,0.0,Alto,0,0,45,0.632,0.329,0.303,True
63212,CÓRDOBA,QUINDÍO,0.2485,0.3234,0.0,Bajo,0,0,18,0.582,0.279,0.303,True
97001,MITÚ,VAUPÉS,0.2187,0.706,0.0,Medio,0,0,23,0.589,0.287,0.302,True
19137,CALDONO,CAUCA,0.3406,0.0,0.3892,Medio,0,0,38,0.611,0.317,0.294,False
13440,MARGARITA,BOLÍVAR,0.3132,0.0,0.2385,Bajo,0,0,26,0.585,0.297,0.288,False
41298,GARZÓN,HUILA,0.4395,0.0,0.238,Medio,0,0,54,0.629,0.343,0.286,False
70771,SUCRE,SUCRE,0.4254,0.0,0.3113,Bajo,0,0,76,0.632,0.367,0.265,False
94001,INÍRIDA,GUAINÍA,0.5009,0.6368,0.0,Crítico,0,0,184,0.684,0.432,0.252,False
23068,AYAPEL,CÓRDOBA,0.5866,0.0,0.2991,Alto,0,0,304,0.704,0.455,0.249,False
20570,PUEBLO BELLO,CESAR,0.1856,0.0,0.6419,Alto,2,2,0,0.594,0.363,0.231,False
15533,PAYA,BOYACÁ,0.1856,0.0,0.4759,Bajo,2,2,0,0.579,0.363,0.216,False
13006,ACHÍ,BOLÍVAR,0.1572,0.0,0.5816,Bajo,0,0,74,0.581,0.365,0.216,False
52786,TAMINANGO,NARIÑO,0.1898,0.0,0.4811,Medio,1,1,2,0.582,0.379,0.203,False
50683,SAN JUAN DE ARAMA,META,0.3699,0.5085,0.0,Alto,1,1,16,0.621,0.429,0.192,False
50568,PUERTO GAITÁN,META,0.4318,0.5224,0.8073,Crítico,8,8,71,0.846,0.666,0.18,False
86755,SAN FRANCISCO,PUTUMAYO,0.4463,0.3234,0.0,Alto,1,1,38,0.648,0.472,0.176,False
50330,MESETAS,META,0.2536,0.6913,0.0,Alto,1,1,18,0.597,0.434,0.163,False
44650,SAN JUAN DEL CESAR,LA GUAJIRA,0.1171,0.0,0.6889,Alto,1,1,15,0.585,0.427,0.158,False
44098,DISTRACCIÓN,LA GUAJIRA,0.2539,0.0,0.5569,Bajo,2,2,15,0.605,0.464,0.141,False
50450,PUERTO CONCORDIA,META,0.2911,0.598,0.0,Crítico,4,4,2,0.604,0.465,0.139,False
99001,PUERTO CARREÑO,VICHADA,0.4566,0.0,0.8157,Alto,2,2,76,0.695,0.559,0.136,False
50370,URIBE,META,0.2112,0.8582,0.0,Crítico,1,1,29,0.59,0.457,0.133,False
86885,VILLAGARZÓN,PUTUMAYO,0.3615,0.6203,0.0,Alto,2,2,27,0.623,0.492,0.131,False
86865,VALLE DEL GUAMUEZ,PUTUMAYO,0.1929,0.6367,0.0,Medio,1,1,25,0.58,0.449,0.131,False
68101,BOLÍVAR,SANTANDER,0.3729,0.0,0.4643,Medio,3,3,21,0.633,0.504,0.129,False
27600,RÍO QUITO,CHOCÓ,0.6751,0.0,0.0,Medio,0,0,387,0.592,0.464,0.128,False
27160,CÉRTEGUI,CHOCÓ,0.6581,0.0,0.0,Medio,0,0,346,0.586,0.46,0.126,False
27413,LLORÓ,CHOCÓ,0.6674,0.0,0.0,Medio,0,0,413,0.589,0.465,0.124,False
18479,MORELIA,CAQUETÁ,0.3726,0.3119,0.0,Alto,3,3,17,0.617,0.496,0.121,False
20032,ASTREA,CESAR,0.2149,0.0,0.6173,Bajo,2,2,25,0.603,0.486,0.117,False
20787,TAMALAMEQUE,CESAR,0.3704,0.0,0.6993,Medio,4,4,26,0.652,0.539,0.113,False
47245,EL BANCO,MAGDALENA,0.2564,0.0,0.6626,Medio,1,1,59,0.617,0.504,0.113,False
76248,EL CERRITO,VALLE DEL CAUCA,0.3686,0.0,0.523,Medio,4,4,18,0.633,0.521,0.112,False
15097,BOAVITA,BOYACÁ,0.4446,0.0,0.4989,Medio,1,1,112,0.665,0.554,0.111,False
19533,PIAMONTE,CAUCA,0.3102,0.6278,0.0,Crítico,3,3,20,0.611,0.502,0.109,False
85139,MANÍ,CASANARE,0.4103,0.0,0.5916,Crítico,7,7,11,0.657,0.551,0.106,False
70204,COLOSÓ,SUCRE,0.2719,0.0,0.4266,Medio,4,4,9,0.597,0.496,0.101,False
19130,CAJIBÍO,CAUCA,0.4422,0.0,0.5641,Alto,5,5,35,0.669,0.576,0.093,False
47980,ZONA BANANERA,MAGDALENA,0.4636,0.0,0.6095,Medio,6,6,40,0.684,0.597,0.087,False
19517,PÁEZ,CAUCA,0.3858,0.0,0.3579,Alto,5,5,18,0.626,0.541,0.085,False
86757,SAN MIGUEL,PUTUMAYO,0.3386,0.5238,0.0,Alto,3,3,34,0.613,0.531,0.082,False
13744,SIMITÍ,BOLÍVAR,0.4565,0.0,0.4382,Medio,1,1,196,0.664,0.592,0.072,False
20295,GAMARRA,CESAR,0.2869,0.0,0.4173,Medio,2,2,56,0.601,0.538,0.063,False
68020,ALBANIA,SANTANDER,0.4418,0.2658,0.0,Medio,5,5,43,0.645,0.587,0.058,False
73030,AMBALEMA,TOLIMA,0.507,0.0,0.1521,Bajo,5,5,48,0.652,0.596,0.056,False
95001,SAN JOSÉ DEL GUAVIARE,GUAVIARE,0.5171,0.9686,0.0,Crítico,6,6,79,0.698,0.647,0.051,False
68464,MOGOTES,SANTANDER,0.4562,0.0,0.3495,Medio,5,5,51,0.652,0.601,0.051,False
13683,SANTA ROSA,BOLÍVAR,0.4277,0.0,0.3522,Medio,8,8,22,0.639,0.59,0.049,False
18094,BELÉN DE LOS ANDAQUÍES,CAQUETÁ,0.4531,0.5224,0.0,Crítico,12,12,9,0.658,0.61,0.048,False
86571,PUERTO GUZMÁN,PUTUMAYO,0.4522,0.8696,0.0,Crítico,5,5,69,0.669,0.621,0.048,False
47053,ARACATACA,MAGDALENA,0.2999,0.0,0.3511,Bajo,2,2,70,0.595,0.552,0.043,False
19450,MERCADERES,CAUCA,0.3894,0.0,0.6629,Medio,7,7,44,0.659,0.617,0.042,False
20011,AGUACHICA,CESAR,0.4678,0.0,0.6658,Medio,10,10,38,0.692,0.654,0.038,False
68575,PUERTO WILCHES,SANTANDER,0.5312,0.0,0.6213,Alto,22,22,10,0.718,0.682,0.036,False
86001,MOCOA,PUTUMAYO,0.4977,0.5501,0.0,Crítico,5,5,89,0.678,0.644,0.034,False
52356,IPIALES,NARIÑO,0.4958,0.563,0.0,Alto,5,5,92,0.679,0.646,0.033,False
47030,ALGARROBO,MAGDALENA,0.4436,0.0,0.5244,Medio,8,8,45,0.667,0.634,0.033,False
20550,PELAYA,CESAR,0.4998,0.0,0.6013,Alto,18,18,12,0.697,0.664,0.033,False
50689,SAN MARTÍN,META,0.5316,0.0,0.8192,Crítico,19,19,25,0.731,0.699,0.032,False
68444,MATANZA,SANTANDER,0.3664,0.0,0.1101,Bajo,4,4,37,0.589,0.557,0.032,False
73055,ARMERO,TOLIMA,0.4863,0.0,0.6078,Alto,9,9,56,0.691,0.667,0.024,False
20443,MANAURE BALCÓN DEL CESAR,CESAR,0.3027,0.0,0.618,Alto,5,5,54,0.627,0.605,0.022,False
86569,PUERTO CAICEDO,PUTUMAYO,0.4601,0.6785,0.0,Crítico,7,7,67,0.669,0.647,0.022,False
73217,COYAIMA,TOLIMA,0.5947,0.0,0.4437,Medio,6,6,188,0.728,0.711,0.017,False
20621,LA PAZ,CESAR,0.5154,0.0,0.7053,Crítico,16,16,37,0.715,0.702,0.013,False
18256,EL PAUJÍL,CAQUETÁ,0.5292,0.4714,0.0,Crítico,8,8,81,0.69,0.677,0.013,False
13300,HATILLO DE LOBA,BOLÍVAR,0.5035,0.0,0.1502,Medio,5,5,85,0.649,0.638,0.011,False
20013,AGUSTÍN CODAZZI,CESAR,0.2408,0.0,0.7537,Medio,2,2,149,0.621,0.61,0.011,False
13062,ARROYOHONDO,BOLÍVAR,0.3809,0.0,0.4392,Medio,8,8,39,0.634,0.624,0.01,False
20175,CHIMICHAGUA,CESAR,0.6191,0.0,0.9354,Crítico,36,36,23,0.771,0.766,0.005,False
73148,CARMEN DE APICALÁ,TOLIMA,0.5651,0.0,0.4462,Medio,9,9,104,0.718,0.715,0.003,False
20750,SAN DIEGO,CESAR,0.5311,0.0,0.2434,Medio,11,11,41,0.673,0.67,0.003,False
47288,FUNDACIÓN,MAGDALENA,0.4204,0.0,0.2595,Medio,11,11,15,0.621,0.621,0.0,False
19100,BOLÍVAR,CAUCA,0.4963,0.0,0.3504,Medio,7,7,88,0.668,0.669,-0.001,False
13673,SANTA CATALINA,BOLÍVAR,0.4679,0.0,0.5086,Alto,10,10,61,0.678,0.688,-0.01,False
20383,LA GLORIA,CESAR,0.4814,0.0,0.4841,Medio,14,14,42,0.679,0.695,-0.016,False
70001,SINCELEJO,SUCRE,0.5197,0.0,0.3557,Medio,9,9,86,0.682,0.699,-0.017,False
54003,ÁBREGO,NORTE DE SANTANDER,0.446,0.0,0.5919,Alto,11,11,54,0.673,0.692,-0.019,False
68406,LEBRIJA,SANTANDER,0.4401,0.0,0.1593,Bajo,10,10,32,0.624,0.644,-0.02,False
19532,PATÍA,CAUCA,0.5353,0.0,0.3675,Medio,8,8,128,0.694,0.714,-0.02,False
20178,CHIRIGUANÁ,CESAR,0.4954,0.0,0.9923,Crítico,10,10,111,0.713,0.734,-0.021,False
41016,AIPE,HUILA,0.4863,0.0,0.5019,Alto,7,7,144,0.682,0.704,-0.022,False
85125,HATO COROZAL,CASANARE,0.5745,0.0,0.4714,Alto,20,20,47,0.724,0.746,-0.022,False
17614,RIOSUCIO,CALDAS,0.4643,0.0,0.1687,Bajo,4,4,154,0.636,0.661,-0.025,False
68190,CIMITARRA,SANTANDER,0.5999,0.0,0.6113,Alto,17,17,88,0.747,0.773,-0.026,False
13657,SAN JUAN NEPOMUCENO,BOLÍVAR,0.4168,0.0,0.4251,Alto,9,9,58,0.643,0.669,-0.026,False
27050,ATRATO,CHOCÓ,0.6515,0.0,0.0,Medio,1,1,394,0.583,0.619,-0.036,False
85250,PAZ DE ARIPORO,CASANARE,0.5015,0.0,0.5813,Alto,16,16,60,0.696,0.737,-0.041,False
13030,ALTOS DEL ROSARIO,BOLÍVAR,0.531,0.0,0.368,Medio,18,18,48,0.691,0.734,-0.043,False
19701,SANTA ROSA,CAUCA,0.634,0.5306,0.0,Crítico,30,30,47,0.741,0.79,-0.049,False
20250,EL PASO,CESAR,0.3857,0.0,0.8075,Alto,8,8,126,0.665,0.714,-0.049,False
19573,PUERTO TEJADA,CAUCA,0.6091,0.0,0.6046,Alto,24,24,73,0.749,0.799,-0.05,False
52287,FUNES,NARIÑO,0.4296,0.1078,0.0,Bajo,10,10,64,0.638,0.691,-0.053,False
19212,CORINTO,CAUCA,0.5863,0.0,0.2891,Medio,14,14,94,0.702,0.756,-0.054,False
25320,GUADUAS,CUNDINAMARCA,0.5489,0.0,0.4068,Alto,12,12,117,0.706,0.76,-0.054,False
68500,OIBA,SANTANDER,0.52,0.0,0.314,Medio,10,10,104,0.676,0.731,-0.055,False
44001,RIOHACHA,LA GUAJIRA,0.6255,0.0,0.9123,Crítico,22,22,125,0.774,0.833,-0.059,False
73067,ATACO,TOLIMA,0.5313,0.0,0.3015,Medio,9,9,154,0.681,0.741,-0.06,False
68689,SAN VICENTE DE CHUCURÍ,SANTANDER,0.6879,0.0,0.3941,Alto,52,52,39,0.759,0.82,-0.061,False
86320,ORITO,PUTUMAYO,0.6224,0.6828,0.0,Crítico,22,22,90,0.742,0.807,-0.065,False
68655,SABANA DE TORRES,SANTANDER,0.6072,0.0,0.355,Alto,14,14,148,0.722,0.788,-0.066,False
73624,ROVIRA,TOLIMA,0.4986,0.0,0.2569,Medio,15,15,54,0.656,0.722,-0.066,False
20045,BECERRIL,CESAR,0.4025,0.0,0.7441,Alto,6,6,316,0.668,0.734,-0.066,False
44090,DIBULLA,LA GUAJIRA,0.5071,0.0,0.9279,Crítico,15,15,124,0.718,0.787,-0.069,False
41132,CAMPOALEGRE,HUILA,0.6,0.0,0.3616,Medio,13,13,175,0.721,0.79,-0.069,False
50573,PUERTO LÓPEZ,META,0.5517,0.0,0.6575,Alto,22,22,88,0.733,0.804,-0.071,False
05885,YALÍ,ANTIOQUIA,0.6858,0.0,0.0,Medio,3,3,270,0.596,0.671,-0.075,False
73270,FALAN,TOLIMA,0.4915,0.0,0.4046,Medio,12,12,103,0.673,0.748,-0.075,False
05264,ENTRERRÍOS,ANTIOQUIA,0.8074,0.0,0.0,Medio,118,118,0,0.616,0.696,-0.08,False
54810,TIBÚ,NORTE DE SANTANDER,0.6276,0.0,0.8618,Crítico,30,30,116,0.772,0.861,-0.089,False
17380,LA DORADA,CALDAS,0.6726,0.0,0.5043,Alto,20,20,233,0.766,0.859,-0.093,False
13688,SANTA ROSA DEL SUR,BOLÍVAR,0.6237,0.0,0.6359,Alto,20,20,206,0.759,0.852,-0.093,False
81794,TAME,ARAUCA,0.5753,0.0,0.3287,Alto,27,27,62,0.704,0.798,-0.094,False
20400,LA JAGUA DE IBIRICO,CESAR,0.4727,0.0,0.6983,Alto,9,9,607,0.696,0.79,-0.094,False
73268,ESPINAL,TOLIMA,0.7132,0.0,0.5216,Alto,61,61,77,0.781,0.875,-0.094,False
44035,ALBANIA,LA GUAJIRA,0.4165,0.0,0.7507,Alto,8,8,417,0.673,0.77,-0.097,False
44078,BARRANCAS,LA GUAJIRA,0.438,0.0,0.6119,Alto,8,8,563,0.673,0.773,-0.1,False
20238,EL COPEY,CESAR,0.6338,0.0,0.4136,Alto,36,36,74,0.741,0.843,-0.102,False
13473,MORALES,BOLÍVAR,0.5963,0.0,0.472,Crítico,20,20,163,0.732,0.835,-0.103,False
05854,VALDIVIA,ANTIOQUIA,0.6393,0.0,0.0,Alto,4,4,223,0.579,0.685,-0.106,False
73168,CHAPARRAL,TOLIMA,0.6485,0.0,0.4668,Alto,21,21,234,0.755,0.866,-0.111,False
13600,RÍO VIEJO,BOLÍVAR,0.6391,0.0,0.7077,Alto,31,31,170,0.773,0.885,-0.112,False
20228,CURUMANÍ,CESAR,0.7368,0.0,0.732,Crítico,71,71,118,0.805,0.917,-0.112,False
13810,TIQUISIO,BOLÍVAR,0.6056,0.0,0.6076,Alto,23,23,182,0.748,0.86,-0.112,False
19001,POPAYÁN,CAUCA,0.6541,0.0,0.3869,Crítico,23,23,198,0.746,0.867,-0.121,False
52001,PASTO,NARIÑO,0.6243,0.3489,0.0,Crítico,21,21,184,0.73,0.852,-0.122,False
20770,SAN MARTÍN,CESAR,0.6153,0.0,0.2952,Medio,28,28,101,0.715,0.839,-0.124,False
76147,CARTAGO,VALLE DEL CAUCA,0.608,0.0,0.2178,Medio,27,27,98,0.704,0.832,-0.128,False
13074,BARRANCO DE LOBA,BOLÍVAR,0.714,0.0,0.5152,Alto,45,45,170,0.781,0.915,-0.134,False
73001,IBAGUÉ,TOLIMA,0.6814,0.0,0.7031,Crítico,33,33,270,0.788,0.922,-0.134,False
27450,MEDIO SAN JUAN,CHOCÓ,0.6919,0.0,0.0,Medio,6,6,314,0.599,0.734,-0.135,False
68001,BUCARAMANGA,SANTANDER,0.5808,0.0,0.1076,Medio,22,22,109,0.686,0.821,-0.135,False
27580,RÍO IRÓ,CHOCÓ,0.6894,0.0,0.0,Medio,6,6,323,0.597,0.735,-0.138,False
73770,SUÁREZ,TOLIMA,0.5923,0.0,0.3018,Alto,27,27,114,0.708,0.846,-0.138,False
68307,GIRÓN,SANTANDER,0.8083,0.0,0.6851,Crítico,106,106,176,0.809,0.951,-0.142,False
20060,BOSCONIA,CESAR,0.6318,0.0,0.4528,Alto,35,35,132,0.745,0.887,-0.142,False
73275,FLANDES,TOLIMA,0.6896,0.0,0.2976,Crítico,53,53,100,0.747,0.889,-0.142,False
44378,HATONUEVO,LA GUAJIRA,0.5256,0.0,0.2044,Alto,17,17,151,0.666,0.811,-0.145,False
54680,SANTIAGO,NORTE DE SANTANDER,0.5987,0.0,0.3105,Medio,28,28,121,0.712,0.857,-0.145,False
68547,PIEDECUESTA,SANTANDER,0.5982,0.0,0.1449,Medio,29,29,96,0.695,0.841,-0.146,False
85010,AGUAZUL,CASANARE,0.7069,0.0,0.2226,Medio,58,58,93,0.743,0.89,-0.147,False
19142,CALOTO,CAUCA,0.6357,0.0,0.2292,Alto,27,27,161,0.718,0.866,-0.148,False
73319,GUAMO,TOLIMA,0.6336,0.0,0.3738,Alto,38,38,115,0.737,0.885,-0.148,False
47001,SANTA MARTA,MAGDALENA,0.5952,0.0,0.2485,Alto,20,20,200,0.701,0.851,-0.15,False
13001,CARTAGENA DE INDIAS,BOLÍVAR,0.6414,0.0,0.5318,Alto,40,40,176,0.758,0.911,-0.153,False
54720,SARDINATA,NORTE DE SANTANDER,0.7529,0.0,0.6553,Crítico,66,66,248,0.801,0.957,-0.156,False
76890,YOTOCO,VALLE DEL CAUCA,0.6282,0.0,0.1735,Alto,33,33,108,0.71,0.867,-0.157,False
15572,PUERTO BOYACÁ,BOYACÁ,0.713,0.0,0.3627,Crítico,45,45,184,0.764,0.923,-0.159,False
17486,NEIRA,CALDAS,0.6865,0.0,0.1069,Medio,29,29,192,0.729,0.889,-0.16,False
25317,GUACHETÁ,CUNDINAMARCA,0.7014,0.0,0.3423,Alto,55,55,135,0.755,0.916,-0.161,False
23466,MONTELÍBANO,CÓRDOBA,0.6158,0.0,0.4304,Crítico,30,30,218,0.736,0.899,-0.163,False
73200,COELLO,TOLIMA,0.7868,0.0,0.5801,Crítico,89,89,200,0.795,0.958,-0.163,False
15646,SAMACÁ,BOYACÁ,0.6859,0.0,0.2957,Alto,31,31,264,0.745,0.912,-0.167,False
41001,NEIVA,HUILA,0.7142,0.0,0.429,Alto,42,42,307,0.773,0.943,-0.17,False
68081,BARRANCABERMEJA,SANTANDER,0.73,0.0,0.4561,Crítico,70,70,195,0.778,0.948,-0.17,False
13667,SAN MARTÍN DE LOBA,BOLÍVAR,0.8335,0.0,0.6155,Crítico,122,122,252,0.804,0.975,-0.171,False
76364,JAMUNDÍ,VALLE DEL CAUCA,0.8051,0.0,0.6401,Crítico,84,84,312,0.804,0.975,-0.171,False
85001,YOPAL,CASANARE,0.7334,0.0,0.0801,Crítico,67,67,115,0.739,0.912,-0.173,False
47189,CIÉNAGA,MAGDALENA,0.6345,0.0,0.2329,Alto,32,32,171,0.718,0.891,-0.173,False
20001,VALLEDUPAR,CESAR,0.8259,0.0,0.6723,Crítico,91,91,361,0.809,0.984,-0.175,False
19110,BUENOS AIRES,CAUCA,0.6819,0.0,0.349,Alto,32,32,360,0.75,0.928,-0.178,False
19256,EL TAMBO,CAUCA,0.7899,0.0,0.4818,Crítico,59,59,349,0.789,0.968,-0.179,False
68418,LOS SANTOS,SANTANDER,0.625,0.0,0.1782,Medio,32,32,166,0.71,0.889,-0.179,False
54001,SAN JOSÉ DE CÚCUTA,NORTE DE SANTANDER,0.9469,0.0,0.6442,Crítico,251,251,403,0.809,0.995,-0.186,False
13458,MONTECRISTO,BOLÍVAR,0.7085,0.0,0.3454,Alto,54,54,236,0.758,0.949,-0.191,False
25224,CUCUNUBÁ,CUNDINAMARCA,0.7601,0.0,0.1003,Alto,80,80,167,0.744,0.94,-0.196,False
54261,EL ZULIA,NORTE DE SANTANDER,0.882,0.0,0.4706,Crítico,162,162,361,0.792,0.992,-0.2,False
68397,LA PAZ,SANTANDER,0.6536,0.0,0.0,Medio,37,37,32,0.584,0.788,-0.204,False
54673,SAN CAYETANO,NORTE DE SANTANDER,0.7827,0.0,0.3031,Crítico,89,89,241,0.764,0.968,-0.204,False
15215,CORRALES,BOYACÁ,0.7727,0.0,0.2508,Alto,84,84,208,0.755,0.959,-0.204,False
73678,SAN LUIS,TOLIMA,0.7892,0.0,0.3048,Alto,81,81,283,0.766,0.971,-0.205,False
17388,LA MERCED,CALDAS,0.6536,0.0,0.0,Medio,17,17,112,0.584,0.792,-0.208,False
05390,LA PINTADA,ANTIOQUIA,0.6505,0.0,0.0,Alto,14,14,158,0.583,0.792,-0.209,False
50006,ACACÍAS,META,0.7731,0.0,0.0497,Crítico,90,90,183,0.743,0.952,-0.209,False
66045,APÍA,RISARALDA,0.6467,0.0,0.0,Medio,36,36,34,0.582,0.791,-0.209,False
68867,VETAS,SANTANDER,0.7066,0.0,0.0,Medio,14,14,272,0.602,0.823,-0.221,False
41551,PITALITO,HUILA,0.6629,0.0,0.0,Alto,13,13,229,0.587,0.809,-0.222,False
11001,"BOGOTÁ, D.C.","BOGOTÁ, D.C.",0.7163,0.0,0.1321,Crítico,47,47,475,0.739,0.963,-0.224,False
05310,GÓMEZ PLATA,ANTIOQUIA,0.6655,0.0,0.0,Medio,15,15,194,0.588,0.815,-0.227,False
27001,QUIBDÓ,CHOCÓ,0.6417,0.0,0.0,Alto,11,11,473,0.58,0.817,-0.237,False
20517,PAILITAS,CESAR,0.676,0.0,0.0,Medio,28,28,88,0.592,0.83,-0.238,False
50606,RESTREPO,META,0.6472,0.0,0.0,Medio,24,24,96,0.582,0.822,-0.24,False
05044,ANZÁ,ANTIOQUIA,0.6427,0.0,0.0,Medio,32,32,65,0.581,0.821,-0.24,False
27787,TADÓ,CHOCÓ,0.6899,0.0,0.0,Medio,14,14,439,0.598,0.839,-0.241,False
15542,PESCA,BOYACÁ,0.7072,0.0,0.0,Medio,22,22,161,0.603,0.846,-0.243,False
25368,JERUSALÉN,CUNDINAMARCA,0.6664,0.0,0.0,Medio,24,24,123,0.588,0.842,-0.254,False
25873,VILLAPINZÓN,CUNDINAMARCA,0.7062,0.0,0.0,Alto,50,50,71,0.602,0.86,-0.258,False
05585,PUERTO NARE,ANTIOQUIA,0.7,0.0,0.0,Medio,18,18,324,0.6,0.858,-0.258,False
68092,BETULIA,SANTANDER,0.7233,0.0,0.0,Alto,68,68,66,0.607,0.867,-0.26,False
68132,CALIFORNIA,SANTANDER,0.6954,0.0,0.0,Alto,43,43,83,0.6,0.863,-0.263,False
17873,VILLAMARÍA,CALDAS,0.6662,0.0,0.0,Alto,25,25,135,0.588,0.851,-0.263,False
85440,VILLANUEVA,CASANARE,0.6811,0.0,0.0,Medio,46,46,76,0.594,0.86,-0.266,False
73854,VALLE DE SAN JUAN,TOLIMA,0.6668,0.0,0.0,Medio,24,24,160,0.589,0.856,-0.267,False
50313,GRANADA,META,0.6441,0.0,0.0,Medio,32,32,95,0.581,0.852,-0.271,False
41797,TESALIA,HUILA,0.6552,0.0,0.0,Medio,19,19,278,0.585,0.858,-0.273,False
15837,TUTA,BOYACÁ,0.659,0.0,0.0,Medio,27,27,143,0.586,0.859,-0.273,False
25293,GACHALÁ,CUNDINAMARCA,0.6829,0.0,0.0,Alto,42,42,92,0.595,0.87,-0.275,False
15761,SOMONDOCO,BOYACÁ,0.6721,0.0,0.0,Medio,30,30,126,0.59,0.867,-0.277,False
66687,SANTUARIO,RISARALDA,0.6812,0.0,0.0,Medio,51,51,82,0.594,0.873,-0.279,False
05591,PUERTO TRIUNFO,ANTIOQUIA,0.6417,0.0,0.0,Alto,43,43,80,0.58,0.86,-0.28,False
68615,RIONEGRO,SANTANDER,0.6835,0.0,0.0,Alto,27,27,183,0.595,0.876,-0.281,False
66594,QUINCHÍA,RISARALDA,0.7217,0.0,0.0,Alto,23,23,314,0.606,0.887,-0.281,False
17042,ANSERMA,CALDAS,0.6552,0.0,0.0,Medio,33,33,105,0.585,0.866,-0.281,False
15368,JERICÓ,BOYACÁ,0.6559,0.0,0.0,Medio,28,28,150,0.585,0.868,-0.283,False
15537,PAZ DE RÍO,BOYACÁ,0.6523,0.0,0.0,Medio,20,20,280,0.583,0.866,-0.283,False
15407,VILLA DE LEYVA,BOYACÁ,0.6392,0.0,0.0,Medio,33,33,103,0.579,0.863,-0.284,False
05088,BELLO,ANTIOQUIA,0.6601,0.0,0.0,Medio,22,22,237,0.586,0.871,-0.285,False
05079,BARBOSA,ANTIOQUIA,0.7338,0.0,0.0,Medio,26,26,297,0.608,0.895,-0.287,False
15187,CHIVATÁ,BOYACÁ,0.699,0.0,0.0,Medio,31,31,178,0.6,0.89,-0.29,False
05086,BELMIRA,ANTIOQUIA,0.691,0.0,0.0,Alto,48,48,103,0.598,0.888,-0.29,False
25839,UBALÁ,CUNDINAMARCA,0.7293,0.0,0.0,Alto,68,68,103,0.607,0.902,-0.295,False
54099,BOCHALEMA,NORTE DE SANTANDER,0.6772,0.0,0.0,Medio,27,27,222,0.592,0.888,-0.296,False
13042,ARENAL,BOLÍVAR,0.6495,0.0,0.0,Medio,25,25,208,0.583,0.879,-0.296,False
73449,MELGAR,TOLIMA,0.716,0.0,0.0,Medio,55,55,110,0.605,0.901,-0.296,False
54520,PAMPLONITA,NORTE DE SANTANDER,0.7174,0.0,0.0,Medio,35,35,180,0.606,0.906,-0.3,False
17524,PALESTINA,CALDAS,0.6762,0.0,0.0,Medio,36,36,145,0.592,0.894,-0.302,False
76122,CAICEDONIA,VALLE DEL CAUCA,0.6915,0.0,0.0,Medio,46,46,123,0.598,0.901,-0.303,False
05890,YOLOMBÓ,ANTIOQUIA,0.7198,0.0,0.0,Medio,32,32,229,0.606,0.911,-0.305,False
05040,ANORÍ,ANTIOQUIA,0.6681,0.0,0.0,Alto,27,27,268,0.589,0.896,-0.307,False
17174,CHINCHINÁ,CALDAS,0.6951,0.0,0.0,Medio,33,33,194,0.6,0.907,-0.307,False
17777,SUPÍA,CALDAS,0.7063,0.0,0.0,Medio,29,29,302,0.602,0.909,-0.307,False
25488,NILO,CUNDINAMARCA,0.6822,0.0,0.0,Medio,49,49,121,0.595,0.904,-0.309,False
15755,SOCOTÁ,BOYACÁ,0.7079,0.0,0.0,Medio,58,58,134,0.603,0.917,-0.314,False
15296,GÁMEZA,BOYACÁ,0.7043,0.0,0.0,Medio,54,54,136,0.601,0.915,-0.314,False
54874,VILLA DEL ROSARIO,NORTE DE SANTANDER,0.6618,0.0,0.0,Medio,37,37,170,0.586,0.905,-0.319,False
15580,QUÍPAMA,BOYACÁ,0.7285,0.0,0.0,Medio,55,55,167,0.607,0.927,-0.32,False
15723,SATIVASUR,BOYACÁ,0.6896,0.0,0.0,Medio,50,50,153,0.597,0.917,-0.32,False
15681,SAN PABLO DE BORBUR,BOYACÁ,0.7087,0.0,0.0,Medio,42,42,207,0.604,0.926,-0.322,False
25793,TAUSA,CUNDINAMARCA,0.6741,0.0,0.0,Alto,33,33,238,0.591,0.918,-0.327,False
05790,TARAZÁ,ANTIOQUIA,0.6695,0.0,0.0,Medio,30,30,349,0.59,0.919,-0.329,False
25781,SUTATAUSA,CUNDINAMARCA,0.6421,0.0,0.0,Medio,36,36,185,0.581,0.912,-0.331,False
05809,TITIRIBÍ,ANTIOQUIA,0.6641,0.0,0.0,Medio,45,45,177,0.587,0.919,-0.332,False
76001,SANTIAGO DE CALI,VALLE DEL CAUCA,0.7017,0.0,0.0,Alto,41,41,261,0.601,0.935,-0.334,False
05579,PUERTO BERRÍO,ANTIOQUIA,0.662,0.0,0.0,Alto,32,32,306,0.587,0.922,-0.335,False
15820,TÓPAGA,BOYACÁ,0.8534,0.0,0.0,Alto,143,143,175,0.618,0.954,-0.336,False
08421,LURUACO,ATLÁNTICO,0.6745,0.0,0.0,Alto,45,45,196,0.591,0.928,-0.337,False
13836,TURBACO,BOLÍVAR,0.7496,0.0,0.0,Alto,73,73,191,0.61,0.948,-0.338,False
15442,MARIPÍ,BOYACÁ,0.6793,0.0,0.0,Medio,34,34,317,0.593,0.932,-0.339,False
76041,ANSERMANUEVO,VALLE DEL CAUCA,0.6743,0.0,0.0,Medio,48,48,191,0.591,0.931,-0.34,False
70823,SAN JOSÉ DE TOLUVIEJO,SUCRE,0.6684,0.0,0.0,Alto,46,46,195,0.589,0.93,-0.341,False
50001,VILLAVICENCIO,META,0.8078,0.0,0.0,Alto,111,111,186,0.616,0.958,-0.342,False
15480,MUZO,BOYACÁ,0.6788,0.0,0.0,Medio,47,47,214,0.593,0.936,-0.343,False
25200,COGUA,CUNDINAMARCA,0.7412,0.0,0.0,Alto,65,65,227,0.609,0.952,-0.343,False
19809,TIMBIQUÍ,CAUCA,1.0,0.0,0.0,Crítico,353,353,184,0.62,0.963,-0.343,False
41524,PALERMO,HUILA,0.782,0.0,0.0,Alto,44,44,432,0.613,0.957,-0.344,False
05756,SONSÓN,ANTIOQUIA,0.7678,0.0,0.0,Medio,77,77,219,0.612,0.957,-0.345,False
23001,MONTERÍA,CÓRDOBA,0.7448,0.0,0.0,Alto,58,58,259,0.61,0.955,-0.345,False
15001,TUNJA,BOYACÁ,0.7862,0.0,0.0,Medio,68,68,255,0.613,0.959,-0.346,False
23580,PUERTO LIBERTADOR,CÓRDOBA,0.6934,0.0,0.0,Medio,39,39,364,0.599,0.946,-0.347,False
15790,TASCO,BOYACÁ,0.797,0.0,0.0,Medio,87,87,225,0.615,0.963,-0.348,False
15757,SOCHA,BOYACÁ,0.7463,0.0,0.0,Alto,79,79,220,0.61,0.958,-0.348,False
13490,NOROSÍ,BOLÍVAR,0.7514,0.0,0.0,Medio,71,71,258,0.611,0.962,-0.351,False
54405,LOS PATIOS,NORTE DE SANTANDER,0.7511,0.0,0.0,Medio,74,74,257,0.611,0.963,-0.352,False
05686,SANTA ROSA DE OSOS,ANTIOQUIA,0.8442,0.0,0.0,Alto,109,109,234,0.618,0.97,-0.352,False
25407,LENGUAZAQUE,CUNDINAMARCA,0.8578,0.0,0.0,Alto,144,144,228,0.618,0.973,-0.355,False
05120,CÁCERES,ANTIOQUIA,0.6775,0.0,0.0,Medio,46,46,311,0.593,0.949,-0.356,False
27810,UNIÓN PANAMERICANA,CHOCÓ,0.74,0.0,0.0,Medio,51,51,419,0.609,0.966,-0.357,False
05154,CAUCASIA,ANTIOQUIA,0.6916,0.0,0.0,Alto,49,49,348,0.599,0.958,-0.359,False
25754,SOACHA,CUNDINAMARCA,0.7971,0.0,0.0,Alto,104,104,290,0.615,0.977,-0.362,False
17442,MARMATO,CALDAS,0.6397,0.0,0.0,Medio,42,42,291,0.579,0.941,-0.362,False
05895,ZARAGOZA,ANTIOQUIA,0.6445,0.0,0.0,Alto,40,40,336,0.581,0.944,-0.363,False
05736,SEGOVIA,ANTIOQUIA,0.736,0.0,0.0,Alto,73,73,323,0.608,0.972,-0.364,False
15516,PAIPA,BOYACÁ,0.8185,0.0,0.0,Alto,92,92,326,0.616,0.981,-0.365,False
05031,AMALFI,ANTIOQUIA,0.7805,0.0,0.0,Alto,80,80,359,0.613,0.979,-0.366,False
76892,YUMBO,VALLE DEL CAUCA,0.8367,0.0,0.0,Crítico,121,121,326,0.617,0.985,-0.368,False
05604,REMEDIOS,ANTIOQUIA,0.8676,0.0,0.0,Alto,161,161,342,0.619,0.989,-0.37,False
17001,MANIZALES,CALDAS,0.8611,0.0,0.0,Crítico,125,125,414,0.619,0.992,-0.373,False
15759,SOGAMOSO,BOYACÁ,0.9443,0.0,0.0,Alto,229,229,382,0.619,0.993,-0.374,False
