codigo,upz,localidad,localidad_codigo,score_remocion,score_agua,score_fuego_estructural,score_operativo,indice_presion_ecoterritorial_bogota,nivel,lluvia_72h_mm,incidentes_7d,eventos_remocion,eventos_inundacion
UPZ67,Lucero,Ciudad Bolívar,19,0.986,0.724,1.0,0.299,0.842,Crítico,58,5,140,25
UPZ32,San Blas,San Cristóbal,04,0.964,0.492,0.966,0.976,0.824,Crítico,54,3,61,20
UPZ50,La Gloria,San Cristóbal,04,0.885,0.476,0.966,0.976,0.788,Crítico,54,3,43,19
UPZ69,Ismael Perdomo,Ciudad Bolívar,19,0.986,0.477,1.0,0.299,0.768,Crítico,58,5,52,9
UPZ70,Jerusalem,Ciudad Bolívar,19,0.917,0.539,1.0,0.299,0.758,Crítico,58,5,44,13
UPZ68,El Tesoro,Ciudad Bolívar,19,0.897,0.446,1.0,0.299,0.723,Crítico,58,5,42,7
UPZ57,Gran Yomasa,Usme,05,0.835,0.62,0.853,0.139,0.705,Crítico,62,4,36,16
UPZ51,Los Libertadores,San Cristóbal,04,0.679,0.399,0.966,0.976,0.682,Crítico,54,3,22,14
UPZ11,San Cristobal Norte,Usaquén,01,0.941,0.512,0.662,0.133,0.676,Crítico,38,1,55,12
UPZ1,Paseo De Los Libertadores,Usaquén,01,0.803,0.651,0.662,0.133,0.662,Crítico,38,1,37,21
UPZ66,San Francisco,Ciudad Bolívar,19,0.604,0.569,1.0,0.299,0.642,Alto,58,5,12,15
UPZ90,Pardo Rubio,Chapinero,02,0.865,0.495,0.685,0.097,0.641,Alto,33,1,46,15
UPZ9,Verbenal,Usaquén,01,0.725,0.651,0.662,0.133,0.631,Alto,38,1,29,21
UPZ58,Comuneros,Usme,05,0.649,0.62,0.853,0.139,0.63,Alto,62,4,17,16
UPZ14,Usaquen,Usaquén,01,0.676,0.713,0.662,0.133,0.63,Alto,38,1,24,25
UPZ52,La Flora,Usme,05,0.659,0.558,0.853,0.139,0.616,Alto,62,4,18,12
UPZ33,Sosiego,San Cristóbal,04,0.65,0.198,0.966,0.976,0.61,Alto,54,3,19,1
UPZ59,Alfonso Lopez,Usme,05,0.679,0.512,0.853,0.139,0.61,Alto,62,4,20,9
UPZ34,20 De Julio,San Cristóbal,04,0.601,0.26,0.966,0.976,0.609,Alto,54,3,14,5
UPZ96,Lourdes,Santa Fe,03,0.905,0.412,0.553,0.084,0.605,Alto,49,2,67,9
UPZ13,Los Cedros,Usaquén,01,0.519,0.827,0.662,0.133,0.602,Alto,38,1,8,35
UPZ56,Danubio,Usme,05,0.649,0.466,0.853,0.139,0.584,Alto,62,4,17,6
UPZ55,Diana Turbay,Rafael Uribe Uribe,18,0.916,0.292,0.607,0.066,0.582,Alto,45,2,51,7
UPZ65,Arborizadora,Ciudad Bolívar,19,0.486,0.523,1.0,0.299,0.581,Alto,58,5,0,12
UPZ54,Marruecos,Rafael Uribe Uribe,18,0.886,0.307,0.607,0.066,0.575,Alto,45,2,48,8
UPZ16,Santa Barbara,Usaquén,01,0.451,0.827,0.662,0.133,0.574,Alto,38,1,1,52
UPZ53,Marco Fidel Suarez,Rafael Uribe Uribe,18,0.769,0.384,0.607,0.066,0.551,Alto,45,2,36,13
UPZ97,Chico Lago,Chapinero,02,0.424,0.764,0.685,0.097,0.545,Alto,33,1,1,40
UPZ61,Ciudad Usme,Usme,05,0.571,0.435,0.853,0.139,0.543,Alto,62,4,9,4
UPZ63,El Mochuelo,Ciudad Bolívar,19,0.486,0.338,1.0,0.299,0.526,Alto,58,5,0,0
UPR3,Upr Rio Tunjuelo,Ciudad Bolívar,19,0.486,0.338,1.0,0.299,0.526,Alto,58,5,0,0
UPZ64,Monte Blanco,Ciudad Bolívar,19,0.486,0.338,1.0,0.299,0.526,Alto,58,5,0,0
UPZ28,El Rincon,Suba,11,0.473,0.984,0.121,0.117,0.52,Alto,57,2,7,33
UPZ39,Quiroga,Rafael Uribe Uribe,18,0.426,0.683,0.607,0.066,0.504,Alto,45,2,1,56
UPZ88,El Refugio,Chapinero,02,0.61,0.372,0.685,0.097,0.502,Alto,33,1,20,7
UPZ60,Parque Entrenubes,Usme,05,0.503,0.373,0.853,0.139,0.497,Alto,62,4,2,0
UPZ27,Suba,Suba,11,0.522,0.746,0.121,0.117,0.469,Alto,57,2,12,17
UPZ71,Tibabuyes,Suba,11,0.425,0.824,0.121,0.117,0.453,Alto,57,2,2,22
UPZ85,Bosa Central,Bosa,07,0.194,0.738,0.723,0.084,0.452,Alto,64,3,1,28
UPZ99,Chapinero,Chapinero,02,0.444,0.418,0.685,0.097,0.45,Alto,33,1,3,10
UPZ10,La Uribe,Usaquén,01,0.451,0.404,0.662,0.133,0.447,Medio,38,1,1,5
UPZ42,Venecia,Tunjuelito,06,0.255,0.77,0.523,0.084,0.446,Medio,59,2,0,82
UPZ12,Toberin,Usaquén,01,0.441,0.389,0.662,0.133,0.439,Medio,38,1,0,4
UPZ45,Carvajal,Kennedy,08,0.17,0.843,0.546,0.084,0.439,Medio,61,2,0,33
UPZ89,San Isidro - Patios,Chapinero,02,0.493,0.294,0.685,0.097,0.432,Medio,33,1,8,2
UPZ15,Country Club,Usaquén,01,0.441,0.358,0.662,0.133,0.429,Medio,38,1,0,2
UPZ25,La Floresta,Suba,11,0.405,0.762,0.121,0.117,0.426,Medio,57,2,0,18
UPZ84,Bosa Occidental,Bosa,07,0.204,0.599,0.723,0.084,0.414,Medio,64,3,2,19
UPZ24,Niza,Suba,11,0.434,0.669,0.121,0.117,0.41,Medio,57,2,3,12
UPZ92,La Macarena,Santa Fe,03,0.454,0.32,0.553,0.084,0.397,Medio,49,2,5,3
UPZ91,Sagrado Corazon,Santa Fe,03,0.405,0.382,0.553,0.084,0.395,Medio,49,2,0,7
UPR5,Upr Rio Sumapaz,Sumapaz,20,0.37,0.319,0.717,0.066,0.394,Medio,29,0,0,0
UPR4,Upr Rio Blanco,Sumapaz,20,0.37,0.319,0.717,0.066,0.394,Medio,29,0,0,0
UPZ20,La Alhambra,Suba,11,0.405,0.654,0.121,0.117,0.394,Medio,57,2,0,11
UPZ19,El Prado,Suba,11,0.405,0.654,0.121,0.117,0.394,Medio,57,2,0,11
UPZ95,Las Cruces,Santa Fe,03,0.415,0.351,0.553,0.084,0.39,Medio,49,2,1,5
UPZ93,Las Nieves,Santa Fe,03,0.425,0.32,0.553,0.084,0.385,Medio,49,2,2,3
UPZ36,San Jose,Rafael Uribe Uribe,18,0.456,0.23,0.607,0.066,0.379,Medio,45,2,4,3
UPZ18,Britalia,Suba,11,0.405,0.577,0.121,0.117,0.371,Medio,57,2,0,6
UPZ23,Casa Blanca Suba,Suba,11,0.415,0.546,0.121,0.117,0.366,Medio,57,2,1,4
UPZ62,Tunjuelito,Tunjuelito,06,0.255,0.502,0.523,0.084,0.366,Medio,59,2,0,15
UPZ17,San Jose De Bavaria,Suba,11,0.405,0.546,0.121,0.117,0.362,Medio,57,2,0,4
UPZ48,Timiza,Kennedy,08,0.17,0.559,0.546,0.084,0.353,Medio,61,2,0,14
UPZ2,La Academia,Suba,11,0.405,0.499,0.121,0.117,0.348,Medio,57,2,0,1
UPZ3,Guaymaral,Suba,11,0.405,0.499,0.121,0.117,0.348,Medio,57,2,0,1
UPZ26,Las Ferias,Engativá,10,0.178,0.885,0.0,0.084,0.345,Medio,42,1,0,34
UPR1,Upr Zona Norte,Suba,11,0.405,0.484,0.121,0.117,0.343,Medio,57,2,0,0
UPZ87,Tintal Sur,Bosa,07,0.184,0.383,0.723,0.084,0.341,Medio,64,3,0,5
UPZ44,Americas,Kennedy,08,0.17,0.512,0.546,0.084,0.339,Medio,61,2,0,11
UPZ86,El Porvenir,Bosa,07,0.184,0.336,0.723,0.084,0.328,Medio,64,3,0,2
UPZ82,Patio Bonito,Kennedy,08,0.17,0.466,0.546,0.084,0.326,Medio,61,2,0,8
UPZ49,Apogeo,Bosa,07,0.184,0.321,0.723,0.084,0.323,Medio,64,3,0,1
UPZ79,Calandaima,Kennedy,08,0.17,0.451,0.546,0.084,0.321,Medio,61,2,0,7
UPZ80,Corabastos,Kennedy,08,0.17,0.435,0.546,0.084,0.316,Medio,61,2,0,6
UPZ47,Kennedy Central,Kennedy,08,0.17,0.435,0.546,0.084,0.316,Medio,61,2,0,6
UPZ81,Gran Britalia,Kennedy,08,0.18,0.389,0.546,0.084,0.306,Medio,61,2,1,3
UPZ78,Tintal Norte,Kennedy,08,0.17,0.389,0.546,0.084,0.302,Medio,61,2,0,3
UPZ83,Las Margaritas,Kennedy,08,0.17,0.373,0.546,0.084,0.298,Medio,61,2,0,2
UPZ46,Castilla,Kennedy,08,0.17,0.373,0.546,0.084,0.298,Medio,61,2,0,2
UPZ113,Bavaria,Kennedy,08,0.17,0.358,0.546,0.084,0.293,Medio,61,2,0,1
UPZ112,Granjas De Techo,Fontibón,09,0.152,0.636,0.111,0.084,0.282,Medio,51,1,0,19
UPZ74,Engativa,Engativá,10,0.178,0.662,0.0,0.084,0.278,Medio,42,1,0,18
UPZ30,Boyaca Real,Engativá,10,0.178,0.616,0.0,0.084,0.264,Medio,42,1,0,15
UPZ31,Santa Cecilia,Engativá,10,0.178,0.601,0.0,0.084,0.26,Medio,42,1,0,14
UPZ73,Garces Navas,Engativá,10,0.188,0.554,0.0,0.084,0.25,Medio,42,1,1,11
UPZ75,Fontibon,Fontibón,09,0.152,0.497,0.111,0.084,0.24,Bajo,51,1,0,10
UPZ22,Doce De Octubre,Barrios Unidos,12,0.0,0.766,0.0,0.066,0.237,Bajo,26,0,0,45
UPZ98,Los Alcazares,Barrios Unidos,12,0.0,0.76,0.0,0.066,0.235,Bajo,26,0,0,32
UPZ41,Muzu,Puente Aranda,16,0.0,0.74,0.0,0.042,0.226,Bajo,34,1,0,33
UPZ29,Minuto De Dios,Engativá,10,0.178,0.477,0.0,0.084,0.223,Bajo,42,1,0,6
UPZ94,La Candelaria,La Candelaria,17,0.452,0.123,0.0,0.042,0.222,Bajo,27,0,11,8
UPZ100,Galerias,Teusaquillo,13,0.0,0.72,0.0,0.042,0.22,Bajo,24,0,0,38
UPZ76,Fontibon San Pablo,Fontibón,09,0.152,0.404,0.111,0.084,0.213,Bajo,51,1,0,4
UPZ114,Modelia,Fontibón,09,0.152,0.389,0.111,0.084,0.208,Bajo,51,1,0,3
UPZ105,Jardin Botanico,Engativá,10,0.178,0.415,0.0,0.084,0.204,Bajo,42,1,0,2
UPZ115,Capellania,Fontibón,09,0.152,0.373,0.111,0.084,0.203,Bajo,51,1,0,2
UPZ116,Alamos,Engativá,10,0.178,0.4,0.0,0.084,0.2,Bajo,42,1,0,1
UPZ117,Aeropuerto El Dorado,Fontibón,09,0.152,0.358,0.111,0.084,0.199,Bajo,51,1,0,1
UPZ72,Bolivia,Engativá,10,0.178,0.384,0.0,0.084,0.195,Bajo,42,1,0,0
UPZ110,Ciudad Salitre Occidental,Fontibón,09,0.152,0.342,0.111,0.084,0.194,Bajo,51,1,0,0
UPZ40,Ciudad Montes,Puente Aranda,16,0.0,0.579,0.0,0.042,0.178,Bajo,34,1,0,22
UPZ106,La Esmeralda,Teusaquillo,13,0.0,0.575,0.0,0.042,0.177,Bajo,24,0,0,23
UPZ21,Los Andes,Barrios Unidos,12,0.0,0.452,0.0,0.066,0.142,Bajo,26,0,0,12
UPZ43,San Rafael,Puente Aranda,16,0.01,0.409,0.0,0.042,0.131,Bajo,34,1,1,11
UPZ38,Restrepo,Antonio Nariño,15,0.0,0.425,0.0,0.0,0.127,Bajo,25,0,0,16
UPZ101,Teusaquillo,Teusaquillo,13,0.0,0.405,0.0,0.042,0.126,Bajo,24,0,0,12
UPZ108,Zona Industrial,Puente Aranda,16,0.0,0.332,0.0,0.042,0.104,Bajo,34,1,0,6
UPZ103,Parque Salitre,Barrios Unidos,12,0.0,0.297,0.0,0.066,0.096,Bajo,26,0,0,2
UPZ111,Puente Aranda,Puente Aranda,16,0.01,0.27,0.0,0.042,0.089,Bajo,34,1,1,2
UPZ102,La Sabana,Los Mártires,14,0.0,0.278,0.0,0.0,0.083,Bajo,22,0,0,18
UPZ104,Parque Simon Bolivar - Can,Teusaquillo,13,0.0,0.251,0.0,0.042,0.079,Bajo,24,0,0,2
UPZ109,Ciudad Salitre Oriental,Teusaquillo,13,0.0,0.235,0.0,0.042,0.075,Bajo,24,0,0,1
UPZ107,Quinta Paredes,Teusaquillo,13,0.0,0.235,0.0,0.042,0.075,Bajo,24,0,0,1
UPZ35,Ciudad Jardin,Antonio Nariño,15,0.0,0.209,0.0,0.0,0.063,Bajo,25,0,0,2
UPZ37,Santa Isabel,Los Mártires,14,0.0,0.062,0.0,0.0,0.019,Bajo,22,0,0,4
