cod_mpio,municipio,departamento,lat,lon,mineria_titulos,mineria_minerales,mineria_volumen,mineria_regalias,es_pdet,deforestacion_ha,agua_ica_medio,agua_estaciones,runap_areas,runap_hectareas
05001,MEDELLÍN,ANTIOQUIA,6.246631,-75.581775,34,10,4806.2,906.0,0,0,,0,3,143.3
05002,ABEJORRAL,ANTIOQUIA,5.789315,-75.428739,7,2,6928.6,156.0,0,0,,0,2,1494.5
05004,ABRIAQUÍ,ANTIOQUIA,6.632282,-76.064304,3,1,17583.9,2283.0,0,0,,0,3,36072.0
05021,ALEJANDRÍA,ANTIOQUIA,6.376061,-75.141346,0,0,0.0,0.0,0,0,,0,2,56.8
05030,AMAGÁ,ANTIOQUIA,6.038708,-75.702188,41,18,1102.1,891.0,0,0,,0,0,0
05031,AMALFI,ANTIOQUIA,6.909655,-75.077501,80,15,20438.4,0.0,1,0,,0,2,372.9
05034,ANDES,ANTIOQUIA,5.657194,-75.878828,19,9,19424.7,997.0,0,0,,0,1,2.7
05036,ANGELÓPOLIS,ANTIOQUIA,6.109719,-75.711389,28,12,9900.6,22.0,0,0,,0,0,0
05038,ANGOSTURA,ANTIOQUIA,6.885175,-75.335116,0,0,1472.5,635.0,0,0,,0,2,31.0
05040,ANORÍ,ANTIOQUIA,7.074703,-75.148355,27,9,24152.4,1462.0,1,0,,0,2,5566.6
05042,SANTA FÉ DE ANTIOQUIA,ANTIOQUIA,6.556484,-75.826648,8,4,20067.1,548.0,0,0,,0,1,70166.9
05044,ANZÁ,ANTIOQUIA,6.302641,-75.854442,32,16,11873.0,1394.0,0,0,,0,0,0
05045,APARTADÓ,ANTIOQUIA,7.882968,-76.625279,6,5,3146.5,0.0,1,0,,0,4,47082.2
05051,ARBOLETES,ANTIOQUIA,8.849317,-76.426708,4,2,0,0,0,0,,0,0,0
05055,ARGELIA,ANTIOQUIA,5.731474,-75.14107,0,0,22092.9,650.0,0,0,,0,2,31073.9
05059,ARMENIA,ANTIOQUIA,6.155667,-75.786647,8,4,0.0,0.0,0,0,,0,0,0
05079,BARBOSA,ANTIOQUIA,6.439195,-75.331627,26,9,49978.6,2124.0,0,0,,0,0,0
05086,BELMIRA,ANTIOQUIA,6.606319,-75.667779,48,3,10746.8,4608.0,0,0,,0,1,42557.7
05088,BELLO,ANTIOQUIA,6.333587,-75.555245,22,6,26756.8,12504.0,0,0,,0,0,0
05091,BETANIA,ANTIOQUIA,5.74615,-75.97679,0,0,0,0,0,0,,0,1,30060.7
05093,BETULIA,ANTIOQUIA,6.115208,-75.984452,32,16,0,0,0,0,,0,0,0
05101,CIUDAD BOLÍVAR,ANTIOQUIA,5.850273,-76.021509,0,0,0,0,0,0,,0,0,0
05107,BRICEÑO,ANTIOQUIA,7.112803,-75.55036,3,1,19099.2,915.0,1,0,,0,0,0
05113,BURITICÁ,ANTIOQUIA,6.720759,-75.907,19,9,9347.8,2063.0,0,0,,0,0,0
05120,CÁCERES,ANTIOQUIA,7.578366,-75.35205,46,16,8145.4,5612.0,1,0,,0,0,0
05125,CAICEDO,ANTIOQUIA,6.405607,-75.98293,0,0,4954.0,0.0,0,0,,0,2,11403.5
05129,CALDAS,ANTIOQUIA,6.091077,-75.633673,3,3,7228.8,599.0,0,0,,0,1,1621.1
05134,CAMPAMENTO,ANTIOQUIA,6.979771,-75.298091,8,4,636.8,0.0,0,0,,0,0,0
05138,CAÑASGORDAS,ANTIOQUIA,6.753859,-76.028228,0,0,9029.8,8633.0,0,0,,0,0,0
05142,CARACOLÍ,ANTIOQUIA,6.409829,-74.757421,2,1,20835.9,5008.0,0,0,,0,2,165.8
05145,CARAMANTA,ANTIOQUIA,5.54853,-75.643868,0,0,30.7,384.0,0,0,,0,0,0
05147,CAREPA,ANTIOQUIA,7.755148,-76.652652,23,7,1034.9,0.0,1,0,,0,0,0
05148,EL CARMEN DE VIBORAL,ANTIOQUIA,6.082885,-75.333901,4,2,0,0,0,0,,0,1,1.7
05150,CAROLINA,ANTIOQUIA,6.725995,-75.283192,0,0,953.2,3070.0,0,0,,0,3,107.9
05154,CAUCASIA,ANTIOQUIA,7.977278,-75.197996,49,10,9931.7,836.0,1,0,0.75,1,0,0
05172,CHIGORODÓ,ANTIOQUIA,7.666147,-76.681531,7,3,1400.0,0.0,1,0,,0,0,0
05190,CISNEROS,ANTIOQUIA,6.537829,-75.087047,8,4,26973.8,420.0,0,0,,0,0,0
05197,COCORNÁ,ANTIOQUIA,6.058295,-75.185483,5,2,529.5,995.0,0,0,,0,1,5319.9
05206,CONCEPCIÓN,ANTIOQUIA,6.394348,-75.257587,1,1,810.0,0.0,0,0,,0,1,1185.0
05209,CONCORDIA,ANTIOQUIA,6.045738,-75.908448,0,0,0,0,0,0,0.75,1,0,0
05212,COPACABANA,ANTIOQUIA,6.348557,-75.509384,20,5,5076.5,209.0,0,0,,0,2,6883.8
05234,DABEIBA,ANTIOQUIA,6.998112,-76.261614,10,4,3998.9,1199.0,1,0,,0,0,0
05237,DONMATÍAS,ANTIOQUIA,6.485603,-75.39263,17,5,7421.7,1686.0,0,0,,0,0,0
05240,EBÉJICO,ANTIOQUIA,6.325615,-75.766413,1,1,687.7,739.0,0,0,,0,0,0
05250,EL BAGRE,ANTIOQUIA,7.5975,-74.799097,23,5,1432.9,0.0,1,0,,0,0,0
05264,ENTRERRÍOS,ANTIOQUIA,6.566273,-75.517685,118,1,0,0,0,0,,0,0,0
05266,ENVIGADO,ANTIOQUIA,6.166695,-75.582192,1,1,406.0,1774.0,0,0,,0,0,0
05282,FREDONIA,ANTIOQUIA,5.928039,-75.675072,14,7,5167.8,247.0,0,0,,0,3,1242.7
05284,FRONTINO,ANTIOQUIA,6.776066,-76.130765,4,4,25925.9,3941.0,0,0,,0,2,30377.0
05306,GIRALDO,ANTIOQUIA,6.680808,-75.952158,3,1,0,0,0,0,,0,0,0
05308,GIRARDOTA,ANTIOQUIA,6.379472,-75.444238,18,7,21134.9,4043.0,0,0,,0,0,0
05310,GÓMEZ PLATA,ANTIOQUIA,6.683269,-75.220018,15,4,35375.3,3320.0,0,0,,0,7,277.4
05313,GRANADA,ANTIOQUIA,6.142892,-75.184446,1,1,0,0,0,0,,0,3,39.2
05315,GUADALUPE,ANTIOQUIA,6.815069,-75.239862,10,2,11524.3,0.0,0,0,,0,0,0
05318,GUARNE,ANTIOQUIA,6.27787,-75.441612,10,2,543.9,0.0,0,0,,0,5,12.2
05321,GUATAPÉ,ANTIOQUIA,6.232461,-75.160041,0,0,0,0,0,0,,0,6,18719.8
05347,HELICONIA,ANTIOQUIA,6.206757,-75.734322,4,3,3657.4,2775.0,0,0,,0,1,28053.9
05353,HISPANIA,ANTIOQUIA,5.799461,-75.906587,0,0,0,0,0,0,,0,1,3034.1
05360,ITAGÜÍ,ANTIOQUIA,6.175079,-75.612056,3,2,305.6,0.0,0,0,,0,1,55.6
05361,ITUANGO,ANTIOQUIA,7.171629,-75.764673,0,0,4390.0,1323.0,1,0,,0,1,355.9
05364,JARDÍN,ANTIOQUIA,5.597542,-75.818982,0,0,2370.8,0.0,0,0,,0,13,29605.8
05368,JERICÓ,ANTIOQUIA,5.789748,-75.785499,0,0,0,0,0,0,,0,2,4189.5
05376,LA CEJA,ANTIOQUIA,6.028062,-75.429433,10,3,878.1,0.0,0,0,,0,2,478.1
05380,LA ESTRELLA,ANTIOQUIA,6.145238,-75.637708,4,3,0.2,424.0,0,0,,0,1,21.5
05390,LA PINTADA,ANTIOQUIA,5.743808,-75.60781,14,5,32008.4,715.0,0,0,0.63,2,6,539.1
05400,LA UNIÓN,ANTIOQUIA,5.973845,-75.360874,16,3,1993.8,546.0,0,0,,0,4,30120.5
05411,LIBORINA,ANTIOQUIA,6.677316,-75.812838,0,0,1033.6,0.0,0,0,,0,0,0
05425,MACEO,ANTIOQUIA,6.552116,-74.78716,13,9,8557.7,2187.0,0,0,,0,2,8206.3
05440,MARINILLA,ANTIOQUIA,6.173995,-75.339345,1,1,0.0,0.0,0,0,0.635,2,0,0
05467,MONTEBELLO,ANTIOQUIA,5.946313,-75.523455,5,3,3163.2,0.0,0,0,,0,3,154.9
05475,MURINDÓ,ANTIOQUIA,6.97771,-76.817485,0,0,0,0,1,0,,0,0,0
05480,MUTATÁ,ANTIOQUIA,7.242875,-76.435875,9,4,28681.0,1692.0,1,0,,0,2,503993.4
05483,NARIÑO,ANTIOQUIA,5.610777,-75.176262,12,6,5689.1,987.0,0,0,,0,2,40670.3
05490,NECOCLÍ,ANTIOQUIA,8.434526,-76.787271,0,0,0.0,0.0,1,0,,0,2,30690.6
05495,NECHÍ,ANTIOQUIA,8.094129,-74.77647,18,5,22480.2,0.0,1,0,0.75,2,2,25090.2
05501,OLAYA,ANTIOQUIA,6.626492,-75.811773,0,0,782.9,256.0,0,0,,0,0,0
05541,PEÑOL,ANTIOQUIA,6.219349,-75.242693,0,0,244.3,0.0,0,0,,0,0,0
05543,PEQUE,ANTIOQUIA,7.021029,-75.910357,0,0,0,0,0,0,,0,1,20419.3
05576,PUEBLORRICO,ANTIOQUIA,5.79158,-75.839903,0,0,0,0,0,0,,0,0,0
05579,PUERTO BERRÍO,ANTIOQUIA,6.487028,-74.410016,32,9,17299.7,400.0,0,0,,0,4,12710.9
05585,PUERTO NARE,ANTIOQUIA,6.186025,-74.583012,18,3,43992.4,13080.0,0,0,,0,0,0
05591,PUERTO TRIUNFO,ANTIOQUIA,5.871318,-74.64119,43,12,629.9,0.0,0,0,0.83,1,1,158.1
05604,REMEDIOS,ANTIOQUIA,7.029424,-74.698135,161,29,7925.9,539.0,1,0,,0,0,0
05607,RETIRO,ANTIOQUIA,6.062454,-75.501301,1,1,7739.1,750.0,0,0,,0,3,17166.7
05615,RIONEGRO,ANTIOQUIA,6.147148,-75.377316,15,7,4904.5,0.0,0,0,0.86,2,1,64.8
05628,SABANALARGA,ANTIOQUIA,6.850028,-75.816645,0,0,23800.5,885.0,0,0,,0,0,0
05631,SABANETA,ANTIOQUIA,6.149903,-75.615479,0,0,0,0,0,0,,0,0,0
05642,SALGAR,ANTIOQUIA,5.964198,-75.976807,2,2,3583.9,0.0,0,0,,0,2,8895.7
05647,SAN ANDRÉS DE CUERQUÍA,ANTIOQUIA,6.916676,-75.674564,0,0,0,0,0,0,,0,1,460.9
05649,SAN CARLOS,ANTIOQUIA,6.187746,-74.988097,20,10,11984.0,1677.0,0,0,,0,7,17060.7
05652,SAN FRANCISCO,ANTIOQUIA,5.963476,-75.101562,9,3,4253.4,0.0,0,0,,0,3,76.0
05656,SAN JERÓNIMO,ANTIOQUIA,6.44809,-75.726975,4,2,764.9,0.0,0,0,,0,0,0
05658,SAN JOSÉ DE LA MONTAÑA,ANTIOQUIA,6.85009,-75.683352,0,0,0,0,0,0,,0,3,30.6
05659,SAN JUAN DE URABÁ,ANTIOQUIA,8.758964,-76.52857,2,2,32.6,171.0,0,0,,0,0,0
05660,SAN LUIS,ANTIOQUIA,6.043017,-74.993619,16,6,21060.8,3870.0,0,0,,0,5,23487.7
05664,SAN PEDRO DE LOS MILAGROS,ANTIOQUIA,6.46012,-75.556743,2,1,2365.9,550.0,0,0,,0,1,2.8
05665,SAN PEDRO DE URABÁ,ANTIOQUIA,8.276884,-76.380567,0,0,0,0,1,0,,0,1,1625.4
05667,SAN RAFAEL,ANTIOQUIA,6.293759,-75.02849,0,0,13062.6,367.0,0,0,,0,12,6954.8
05670,SAN ROQUE,ANTIOQUIA,6.485939,-75.019109,1,1,19781.5,1128.0,0,0,,0,2,5115.7
05674,SAN VICENTE FERRER,ANTIOQUIA,6.282164,-75.332616,7,4,905.3,981.0,0,0,,0,5,22.4
05679,SANTA BÁRBARA,ANTIOQUIA,5.875527,-75.567351,1,1,4410.9,0.0,0,0,,0,0,0
05686,SANTA ROSA DE OSOS,ANTIOQUIA,6.643366,-75.460723,109,3,37923.8,2013.0,0,0,,0,0,0
05690,SANTO DOMINGO,ANTIOQUIA,6.473032,-75.164903,19,8,13291.0,2499.0,0,0,,0,4,46.0
05697,EL SANTUARIO,ANTIOQUIA,6.136871,-75.265465,1,1,0,0,0,0,,0,2,2064.4
05736,SEGOVIA,ANTIOQUIA,7.079648,-74.701596,73,25,3989.0,278.0,1,0,,0,0,0
05756,SONSÓN,ANTIOQUIA,5.714851,-75.309596,77,12,16106.3,688.0,0,0,,0,0,0
05761,SOPETRÁN,ANTIOQUIA,6.500745,-75.747378,28,9,3668.4,0.0,0,0,,0,0,0
05789,TÁMESIS,ANTIOQUIA,5.664645,-75.714429,0,0,13313.1,0.0,0,0,,0,3,478.4
05790,TARAZÁ,ANTIOQUIA,7.580127,-75.401407,30,14,21603.5,764.0,1,0,,0,0,0
05792,TARSO,ANTIOQUIA,5.864542,-75.822956,2,2,1742.0,0.0,0,0,0.69,1,2,55.3
05809,TITIRIBÍ,ANTIOQUIA,6.062391,-75.791887,45,12,4940.2,311.0,0,0,,0,2,1207.9
05819,TOLEDO,ANTIOQUIA,7.010328,-75.692281,3,1,5010.6,845.0,0,0,,0,0,0
05837,TURBO,ANTIOQUIA,8.089929,-76.728858,4,2,2626.0,0.0,1,0,,0,0,0
05842,URAMITA,ANTIOQUIA,6.898393,-76.173284,1,1,1138.0,0.0,0,0,,0,0,0
05847,URRAO,ANTIOQUIA,6.317343,-76.133951,0,0,5521.2,982.0,0,0,,0,4,30041.9
05854,VALDIVIA,ANTIOQUIA,7.1652,-75.439274,4,2,38984.9,1213.0,1,0,,0,1,23525.5
05856,VALPARAÍSO,ANTIOQUIA,5.614555,-75.624452,9,5,4113.4,618.0,0,0,,0,1,218.4
05858,VEGACHÍ,ANTIOQUIA,6.773525,-74.798714,5,2,27397.3,309.0,0,0,,0,0,0
05861,VENECIA,ANTIOQUIA,5.964693,-75.735544,18,6,7316.2,67.0,0,0,,0,0,0
05873,VIGÍA DEL FUERTE,ANTIOQUIA,6.588164,-76.896004,0,0,2122.7,728.0,1,0,,0,0,0
05885,YALÍ,ANTIOQUIA,6.676554,-74.840059,3,3,53918.5,2700.0,0,0,,0,0,0
05887,YARUMAL,ANTIOQUIA,6.963832,-75.418828,4,2,29316.4,303.0,0,0,,0,0,0
05890,YOLOMBÓ,ANTIOQUIA,6.594511,-75.013385,32,13,37848.3,4897.0,0,0,,0,0,0
05893,YONDÓ,ANTIOQUIA,7.00396,-73.912445,3,3,1172.0,0.0,1,0,,0,0,0
05895,ZARAGOZA,ANTIOQUIA,7.488583,-74.867075,40,6,4352.5,1232.0,1,0,,0,1,75760.0
08001,BARRANQUILLA,ATLÁNTICO,10.977961,-74.815546,23,6,3501.6,421.0,0,0,0.661,6,0,0
08078,BARANOA,ATLÁNTICO,10.79445,-74.916077,2,2,0.0,0.0,0,0,,0,0,0
08137,CAMPO DE LA CRUZ,ATLÁNTICO,10.378291,-74.880847,0,0,0,0,0,0,,0,0,0
08141,CANDELARIA,ATLÁNTICO,10.461903,-74.879717,0,0,0.0,0.0,0,0,,0,0,0
08296,GALAPA,ATLÁNTICO,10.919033,-74.870385,1,1,740.0,0.0,0,0,,0,0,0
08372,JUAN DE ACOSTA,ATLÁNTICO,10.83254,-75.041032,4,3,2891.0,0.0,0,0,,0,0,0
08421,LURUACO,ATLÁNTICO,10.610491,-75.14199,45,5,8165.2,0.0,0,0,,0,2,4023.2
08433,MALAMBO,ATLÁNTICO,10.857086,-74.776923,0,0,310.0,0.0,0,0,,0,0,0
08436,MANATÍ,ATLÁNTICO,10.449089,-74.956867,10,4,701.0,0.0,0,0,,0,0,0
08520,PALMAR DE VARELA,ATLÁNTICO,10.738591,-74.754765,8,2,3512.5,0.0,0,0,,0,0,0
08549,PIOJÓ,ATLÁNTICO,10.749216,-75.107592,0,0,0,0,0,0,,0,3,832.5
08558,POLONUEVO,ATLÁNTICO,10.777363,-74.852981,2,2,0,0,0,0,,0,0,0
08560,PONEDERA,ATLÁNTICO,10.641779,-74.753885,0,0,0,0,0,0,,0,0,0
08573,PUERTO COLOMBIA,ATLÁNTICO,11.015322,-74.888627,27,8,11879.5,0.0,0,0,,0,0,0
08606,REPELÓN,ATLÁNTICO,10.493357,-75.125534,38,6,3539.0,0.0,0,0,,0,1,1528.9
08634,SABANAGRANDE,ATLÁNTICO,10.792453,-74.759496,9,4,8.0,0.0,0,0,,0,0,0
08638,SABANALARGA,ATLÁNTICO,10.632091,-74.921256,19,4,2790.5,0.0,0,0,,0,0,0
08675,SANTA LUCÍA,ATLÁNTICO,10.324303,-74.959204,0,0,0,0,0,0,,0,0,0
08685,SANTO TOMÁS,ATLÁNTICO,10.758735,-74.757859,8,4,1008.0,0.0,0,0,,0,0,0
08758,SOLEDAD,ATLÁNTICO,10.909921,-74.786054,0,0,0,0,0,0,,0,1,56565.1
08770,SUAN,ATLÁNTICO,10.335432,-74.881687,0,0,0,0,0,0,,0,0,0
08832,TUBARÁ,ATLÁNTICO,10.873586,-74.978704,8,6,1698.5,0.0,0,0,,0,0,0
08849,USIACURÍ,ATLÁNTICO,10.74298,-74.976985,0,0,0,0,0,0,,0,1,836.9
11001,"BOGOTÁ, D.C.","BOGOTÁ, D.C.",4.649251,-74.106992,47,7,21374.0,285.0,0,0,0.807,3,3,13158.0
13001,CARTAGENA DE INDIAS,BOLÍVAR,10.385126,-75.496269,40,9,3531.0,0.0,0,0,,0,0,0
13006,ACHÍ,BOLÍVAR,8.570107,-74.557676,0,0,1535.9,0.0,0,0,,0,0,0
13030,ALTOS DEL ROSARIO,BOLÍVAR,8.791865,-74.164905,18,5,4173.9,1495.0,0,0,,0,0,0
13042,ARENAL,BOLÍVAR,8.458865,-73.941099,25,2,20736.6,2501.0,1,0,,0,0,0
13052,ARJONA,BOLÍVAR,10.25666,-75.344332,1,1,340.0,0.0,0,0,,0,0,0
13062,ARROYOHONDO,BOLÍVAR,10.250075,-75.019215,8,4,530.5,0.0,0,0,,0,0,0
13074,BARRANCO DE LOBA,BOLÍVAR,8.947787,-74.104391,45,8,22442.7,2324.0,0,0,,0,0,0
13140,CALAMAR,BOLÍVAR,10.250431,-74.916144,6,3,0,0,0,0,,0,0,0
13160,CANTAGALLO,BOLÍVAR,7.378678,-73.914605,0,0,0.0,0.0,1,0,,0,0,0
13188,CICUCO,BOLÍVAR,9.274281,-74.645981,0,0,0,0,0,0,,0,0,0
13212,CÓRDOBA,BOLÍVAR,9.586942,-74.827399,0,0,59.8,0.0,1,0,,0,1,63984.6
13222,CLEMENCIA,BOLÍVAR,10.567452,-75.328469,2,1,0.0,0.0,0,0,,0,1,43.4
13244,EL CARMEN DE BOLÍVAR,BOLÍVAR,9.718653,-75.121178,0,0,193.1,879.0,1,0,,0,2,203.4
13248,EL GUAMO,BOLÍVAR,10.030958,-74.976084,0,0,0.0,0.0,1,0,,0,1,63.0
13268,EL PEÑÓN,BOLÍVAR,8.988271,-73.949274,0,0,0,0,0,0,,0,0,0
13300,HATILLO DE LOBA,BOLÍVAR,8.956014,-74.077912,5,3,13685.7,620.0,0,0,,0,1,374.5
13430,MAGANGUÉ,BOLÍVAR,9.263799,-74.766742,0,0,3364.0,2875.0,0,0,0.61,1,0,0
13433,MAHATES,BOLÍVAR,10.233285,-75.191643,13,3,10037.2,0.0,0,0,,0,0,0
13440,MARGARITA,BOLÍVAR,9.15784,-74.285137,0,0,5385.7,899.0,0,0,,0,0,0
13442,MARÍA LA BAJA,BOLÍVAR,9.982402,-75.300516,12,5,5205.0,0.0,1,0,,0,1,3898.7
13458,MONTECRISTO,BOLÍVAR,8.297234,-74.471176,54,6,11241.6,2725.0,0,0,,0,0,0
13468,SANTA CRUZ DE MOMPOX,BOLÍVAR,9.244241,-74.42818,0,0,0,0,0,0,,0,0,0
13473,MORALES,BOLÍVAR,8.276558,-73.868172,20,2,13108.5,7590.0,1,0,0.702,5,0,0
13490,NOROSÍ,BOLÍVAR,8.526259,-74.038003,71,13,13410.5,28.0,0,0,,0,0,0
13549,PINILLOS,BOLÍVAR,8.914947,-74.462279,0,0,0,0,0,0,,0,0,0
13580,REGIDOR,BOLÍVAR,8.666258,-73.821638,0,0,526.8,0.0,0,0,,0,0,0
13600,RÍO VIEJO,BOLÍVAR,8.58795,-73.840466,31,9,11936.9,2320.0,0,0,,0,0,0
13620,SAN CRISTÓBAL,BOLÍVAR,10.392836,-75.065076,0,0,0,0,0,0,,0,0,0
13647,SAN ESTANISLAO,BOLÍVAR,10.398602,-75.153101,4,2,240.0,0.0,0,0,,0,0,0
13650,SAN FERNANDO,BOLÍVAR,9.214183,-74.323811,0,0,0,0,0,0,,0,0,0
13654,SAN JACINTO,BOLÍVAR,9.830275,-75.12105,0,0,0,0,1,0,,0,10,242.3
13655,SAN JACINTO DEL CAUCA,BOLÍVAR,8.25158,-74.721156,0,0,3986.1,0.0,0,0,,0,0,0
13657,SAN JUAN NEPOMUCENO,BOLÍVAR,9.953751,-75.081761,9,4,1788.1,280.0,1,0,,0,29,1983.4
13667,SAN MARTÍN DE LOBA,BOLÍVAR,8.937485,-74.039134,122,10,15873.9,0.0,0,0,,0,0,0
13670,SAN PABLO,BOLÍVAR,7.476747,-73.924602,0,0,1782.5,0.0,1,0,,0,0,0
13673,SANTA CATALINA,BOLÍVAR,10.605294,-75.287855,10,3,4954.1,0.0,0,0,,0,1,416.1
13683,SANTA ROSA,BOLÍVAR,10.444396,-75.369824,8,7,3571.7,1192.0,0,0,,0,0,0
13688,SANTA ROSA DEL SUR,BOLÍVAR,7.963938,-74.052243,20,8,19109.4,8424.0,1,0,,0,0,0
13744,SIMITÍ,BOLÍVAR,7.953916,-73.947264,1,1,12905.4,3957.0,1,0,,0,0,0
13760,SOPLAVIENTO,BOLÍVAR,10.38839,-75.136404,0,0,69.0,210.0,0,0,,0,0,0
13780,TALAIGUA NUEVO,BOLÍVAR,9.30403,-74.567479,0,0,0.0,0.0,0,0,,0,0,0
13810,TIQUISIO,BOLÍVAR,8.558666,-74.262922,23,6,12042.5,638.0,0,0,,0,0,0
13836,TURBACO,BOLÍVAR,10.348316,-75.427249,73,11,10506.1,0.0,0,0,,0,1,166.4
13838,TURBANÁ,BOLÍVAR,10.274585,-75.44265,19,6,1821.4,0.0,0,0,,0,0,0
13873,VILLANUEVA,BOLÍVAR,10.444089,-75.275613,0,0,0,0,0,0,,0,0,0
13894,ZAMBRANO,BOLÍVAR,9.746306,-74.817879,0,0,0.0,0.0,1,0,,0,0,0
15001,TUNJA,BOYACÁ,5.53988,-73.355539,68,10,35924.4,782.0,0,0,,0,0,0
15022,ALMEIDA,BOYACÁ,4.970857,-73.378933,6,2,304.2,796.0,0,0,,0,0,0
15047,AQUITANIA,BOYACÁ,5.518602,-72.88399,2,1,1020.0,0.0,0,0,0.867,5,0,0
15051,ARCABUCO,BOYACÁ,5.755673,-73.437503,34,8,6618.0,0.0,0,0,,0,16,5150.7
15087,BELÉN,BOYACÁ,5.98923,-72.911641,1,1,5789.8,0.0,0,0,,0,1,28898.7
15090,BERBEO,BOYACÁ,5.227451,-73.12721,2,2,7411.0,0.0,0,0,,0,0,0
15092,BETÉITIVA,BOYACÁ,5.909978,-72.809014,16,6,8938.5,674.0,0,0,,0,0,0
15097,BOAVITA,BOYACÁ,6.330703,-72.584905,1,1,11891.3,0.0,0,0,,0,0,0
15104,BOYACÁ,BOYACÁ,5.454578,-73.361945,15,4,8258.3,0.0,0,0,,0,0,0
15106,BRICEÑO,BOYACÁ,5.690879,-73.92326,5,3,958.9,0.0,0,0,,0,0,0
15109,BUENAVISTA,BOYACÁ,5.512594,-73.94217,0,0,0,0,0,0,,0,0,0
15114,BUSBANZÁ,BOYACÁ,5.831393,-72.884158,8,3,438.1,0.0,0,0,,0,0,0
15131,CALDAS,BOYACÁ,5.55458,-73.865553,1,1,0.0,0.0,0,0,,0,0,0
15135,CAMPOHERMOSO,BOYACÁ,5.031676,-73.104173,0,0,0,0,0,0,,0,1,6585.1
15162,CERINZA,BOYACÁ,5.955939,-72.947918,0,0,0,0,0,0,,0,0,0
15172,CHINAVITA,BOYACÁ,5.167486,-73.368476,8,2,0,0,0,0,,0,1,25099.2
15176,CHIQUINQUIRÁ,BOYACÁ,5.61379,-73.818745,0,0,1122.0,0.0,0,0,,0,0,0
15180,CHISCAS,BOYACÁ,6.553136,-72.500957,0,0,5821.9,0.0,0,0,,0,0,0
15183,CHITA,BOYACÁ,6.187083,-72.471892,7,4,7478.6,0.0,0,0,,0,0,0
15185,CHITARAQUE,BOYACÁ,6.027425,-73.4471,2,2,2450.8,0.0,0,0,,0,0,0
15187,CHIVATÁ,BOYACÁ,5.558949,-73.282529,31,4,30630.8,0.0,0,0,,0,0,0
15189,CIÉNEGA,BOYACÁ,5.408694,-73.296049,3,1,0.0,0.0,0,0,,0,0,0
15204,CÓMBITA,BOYACÁ,5.634545,-73.323957,19,3,14974.1,0.0,0,0,,0,1,5.0
15212,COPER,BOYACÁ,5.475074,-74.045636,0,0,0,0,0,0,,0,0,0
15215,CORRALES,BOYACÁ,5.828064,-72.844795,84,7,11859.5,945.0,0,0,,0,0,0
15218,COVARACHÍA,BOYACÁ,6.500177,-72.738978,0,0,130.0,2637.0,0,0,,0,0,0
15223,CUBARÁ,BOYACÁ,6.997275,-72.107939,2,1,6296.0,0.0,0,0,,0,0,0
15224,CUCAITA,BOYACÁ,5.544452,-73.454338,10,4,13685.2,0.0,0,0,,0,1,158.3
15226,CUÍTIVA,BOYACÁ,5.580367,-72.965923,5,3,3115.0,0.0,0,0,,0,0,0
15232,CHÍQUIZA,BOYACÁ,5.639834,-73.449463,23,5,225.2,0.0,0,0,,0,3,6897.3
15236,CHIVOR,BOYACÁ,4.888173,-73.368398,27,5,4436.2,0.0,0,0,,0,1,127.1
15238,DUITAMA,BOYACÁ,5.822964,-73.03063,15,3,3036.3,0.0,0,0,,0,1,54.5
15244,EL COCUY,BOYACÁ,6.407738,-72.444537,0,0,0,0,0,0,,0,0,0
15248,EL ESPINO,BOYACÁ,6.483027,-72.497007,0,0,1667.6,0.0,0,0,,0,0,0
15272,FIRAVITOBA,BOYACÁ,5.668885,-72.993392,34,4,6376.2,877.0,0,0,,0,1,1.6
15276,FLORESTA,BOYACÁ,5.859519,-72.918111,0,0,661.7,0.0,0,0,,0,0,0
15293,GACHANTIVÁ,BOYACÁ,5.751891,-73.549092,27,6,1259.0,1055.0,0,0,,0,17,1637.4
15296,GÁMEZA,BOYACÁ,5.802333,-72.80553,54,7,9641.5,0.0,0,0,,0,0,0
15299,GARAGOA,BOYACÁ,5.083234,-73.364413,9,3,12144.4,0.0,0,0,,0,0,0
15317,GUACAMAYAS,BOYACÁ,6.459667,-72.500812,15,2,1270.0,0.0,0,0,,0,0,0
15322,GUATEQUE,BOYACÁ,5.007321,-73.471207,4,2,649.6,793.0,0,0,0.67,1,0,0
15325,GUAYATÁ,BOYACÁ,4.967122,-73.489698,13,4,16595.8,0.0,0,0,,0,1,8992.5
15332,GÜICÁN DE LA SIERRA,BOYACÁ,6.462864,-72.411763,1,1,280.0,0.0,0,0,0.845,3,1,305717.4
15362,IZA,BOYACÁ,5.611577,-72.979559,14,8,28253.2,0.0,0,0,,0,0,0
15367,JENESANO,BOYACÁ,5.385813,-73.363738,1,1,5281.6,0.0,0,0,,0,0,0
15368,JERICÓ,BOYACÁ,6.145735,-72.571122,28,7,19522.9,0.0,0,0,,0,0,0
15377,LABRANZAGRANDE,BOYACÁ,5.562687,-72.57777,0,0,0,0,0,0,,0,0,0
15380,LA CAPILLA,BOYACÁ,5.095687,-73.444347,0,0,0,0,0,0,,0,0,0
15401,LA VICTORIA,BOYACÁ,5.523792,-74.234393,6,1,5634.0,0.0,0,0,,0,0,0
15403,LA UVITA,BOYACÁ,6.31616,-72.559982,11,3,10107.9,407.0,0,0,,0,0,0
15407,VILLA DE LEYVA,BOYACÁ,5.632455,-73.524948,33,7,9957.3,0.0,0,0,,0,4,6.9
15425,MACANAL,BOYACÁ,4.972464,-73.319593,16,3,1413.0,0.0,0,0,,0,1,3389.9
15442,MARIPÍ,BOYACÁ,5.550091,-74.00405,34,4,20734.6,0.0,0,0,,0,0,0
15455,MIRAFLORES,BOYACÁ,5.196515,-73.14563,10,4,20020.0,0.0,0,0,,0,1,2109.3
15464,MONGUA,BOYACÁ,5.754242,-72.79809,29,1,7103.9,0.0,0,0,,0,0,0
15466,MONGUÍ,BOYACÁ,5.723486,-72.849292,5,3,8241.9,0.0,0,0,,0,1,49767.6
15469,MONIQUIRÁ,BOYACÁ,5.876331,-73.573374,18,3,1415.5,0.0,0,0,,0,0,0
15476,MOTAVITA,BOYACÁ,5.5777,-73.367841,18,4,22758.5,0.0,0,0,,0,0,0
15480,MUZO,BOYACÁ,5.532758,-74.10269,47,4,7590.9,0.0,0,0,,0,0,0
15491,NOBSA,BOYACÁ,5.768046,-72.937042,32,7,2250.0,0.0,0,0,,0,0,0
15494,NUEVO COLÓN,BOYACÁ,5.355317,-73.456759,2,2,80.0,0.0,0,0,,0,1,685.9
15500,OICATÁ,BOYACÁ,5.595235,-73.308399,22,1,7911.7,0.0,0,0,,0,0,0
15507,OTANCHE,BOYACÁ,5.657536,-74.180965,8,2,2136.0,0.0,0,0,,0,2,21546.5
15511,PACHAVITA,BOYACÁ,5.140065,-73.396953,0,0,2488.0,0.0,0,0,,0,0,0
15514,PÁEZ,BOYACÁ,5.097319,-73.052737,4,2,11573.3,926.0,0,0,,0,0,0
15516,PAIPA,BOYACÁ,5.779894,-73.11782,92,9,34086.8,509.0,0,0,,0,2,8125.3
15518,PAJARITO,BOYACÁ,5.293783,-72.703231,0,0,0,0,0,0,0.837,3,2,4668.8
15522,PANQUEBA,BOYACÁ,6.443416,-72.459424,0,0,2830.0,0.0,0,0,,0,0,0
15531,PAUNA,BOYACÁ,5.656323,-73.978449,13,4,3136.5,0.0,0,0,,0,0,0
15533,PAYA,BOYACÁ,5.625699,-72.423775,2,2,0,0,0,0,,0,0,0
15537,PAZ DE RÍO,BOYACÁ,5.987645,-72.749137,20,6,26519.2,0.0,0,0,,0,0,0
15542,PESCA,BOYACÁ,5.558808,-73.050872,22,13,42743.1,228.0,0,0,,0,0,0
15550,PISBA,BOYACÁ,5.72141,-72.486023,0,0,0.0,0.0,0,0,,0,1,4735.9
15572,PUERTO BOYACÁ,BOYACÁ,5.976646,-74.587782,45,7,22060.6,1590.0,0,0,0.7,3,0,0
15580,QUÍPAMA,BOYACÁ,5.52055,-74.180033,55,2,18592.2,0.0,0,0,,0,0,0
15599,RAMIRIQUÍ,BOYACÁ,5.400303,-73.334839,8,2,18349.6,0.0,0,0,,0,0,0
15600,RÁQUIRA,BOYACÁ,5.539136,-73.632543,24,3,6001.8,0.0,0,0,,0,2,12.2
15621,RONDÓN,BOYACÁ,5.357378,-73.208474,6,2,15023.6,700.0,0,0,,0,1,20.6
15632,SABOYÁ,BOYACÁ,5.697756,-73.764456,4,1,9915.1,0.0,0,0,,0,0,0
15638,SÁCHICA,BOYACÁ,5.584305,-73.542539,8,6,11068.1,0.0,0,0,,0,0,0
15646,SAMACÁ,BOYACÁ,5.492161,-73.485589,31,6,25945.9,53.0,0,0,,0,0,0
15660,SAN EDUARDO,BOYACÁ,5.22401,-73.077747,2,2,0,0,0,0,,0,0,0
15664,SAN JOSÉ DE PARE,BOYACÁ,6.018924,-73.545397,0,0,0,0,0,0,,0,0,0
15667,SAN LUIS DE GACENO,BOYACÁ,4.81976,-73.168076,12,3,6218.0,0.0,0,0,,0,0,0
15673,SAN MATEO,BOYACÁ,6.401683,-72.555264,23,2,3200.2,0.0,0,0,,0,0,0
15676,SAN MIGUEL DE SEMA,BOYACÁ,5.518083,-73.722009,0,0,0.0,0.0,0,0,,0,2,402.7
15681,SAN PABLO DE BORBUR,BOYACÁ,5.650743,-74.069963,42,5,23345.2,778.0,0,0,,0,0,0
15686,SANTANA,BOYACÁ,6.056866,-73.481639,2,2,170.9,0.0,0,0,,0,0,0
15690,SANTA MARÍA,BOYACÁ,4.857193,-73.263518,3,1,8566.6,0.0,0,0,,0,4,19437.2
15693,SANTA ROSA DE VITERBO,BOYACÁ,5.874547,-72.982461,2,2,14660.0,0.0,0,0,,0,0,0
15696,SANTA SOFÍA,BOYACÁ,5.713269,-73.602707,0,0,0,0,0,0,,0,3,2125.3
15720,SATIVANORTE,BOYACÁ,6.131132,-72.708458,20,5,14917.1,0.0,0,0,,0,0,0
15723,SATIVASUR,BOYACÁ,6.093183,-72.712435,50,6,8250.7,0.0,0,0,,0,0,0
15740,SIACHOQUE,BOYACÁ,5.511811,-73.24466,0,0,0,0,0,0,,0,0,0
15753,SOATÁ,BOYACÁ,6.331945,-72.684051,2,1,5902.0,0.0,0,0,,0,0,0
15755,SOCOTÁ,BOYACÁ,6.041162,-72.636653,58,6,7008.2,325.0,0,0,,0,0,0
15757,SOCHA,BOYACÁ,5.996717,-72.691963,79,8,2848.2,600.0,0,0,,0,1,35144.7
15759,SOGAMOSO,BOYACÁ,5.723976,-72.924355,229,19,37540.3,1522.0,0,0,,0,1,0.9
15761,SOMONDOCO,BOYACÁ,4.985726,-73.433393,30,6,22413.5,0.0,0,0,0.793,3,0,0
15762,SORA,BOYACÁ,5.56684,-73.450153,21,5,4552.8,0.0,0,0,,0,0,0
15763,SOTAQUIRÁ,BOYACÁ,5.764986,-73.246585,15,3,9260.8,0.0,0,0,,0,0,0
15764,SORACÁ,BOYACÁ,5.500898,-73.332804,2,1,4968.7,0.0,0,0,,0,1,39.2
15774,SUSACÓN,BOYACÁ,6.230332,-72.690289,0,0,4135.8,0.0,0,0,,0,0,0
15776,SUTAMARCHÁN,BOYACÁ,5.619781,-73.620536,1,1,0.0,0.0,0,0,,0,0,0
15778,SUTATENZA,BOYACÁ,5.022989,-73.452317,14,3,8062.5,0.0,0,0,0.74,1,0,0
15790,TASCO,BOYACÁ,5.909821,-72.781011,87,10,23859.9,0.0,0,0,,0,0,0
15798,TENZA,BOYACÁ,5.076781,-73.421176,4,2,768.5,0.0,0,0,0.91,1,0,0
15804,TIBANÁ,BOYACÁ,5.317251,-73.396457,10,3,710.6,0.0,0,0,,0,1,155.0
15806,TIBASOSA,BOYACÁ,5.74723,-72.999449,20,1,1565.6,0.0,0,0,,0,0,0
15808,TINJACÁ,BOYACÁ,5.579713,-73.646847,0,0,0,0,0,0,,0,0,0
15810,TIPACOQUE,BOYACÁ,6.419203,-72.691729,0,0,0.0,0.0,0,0,,0,0,0
15814,TOCA,BOYACÁ,5.566464,-73.184794,0,0,2858.3,0.0,0,0,,0,1,16504.1
15816,TOGÜÍ,BOYACÁ,5.937438,-73.513655,0,0,0.0,0.0,0,0,,0,0,0
15820,TÓPAGA,BOYACÁ,5.768201,-72.832245,143,9,12196.3,0.0,0,0,,0,0,0
15822,TOTA,BOYACÁ,5.560497,-72.985898,7,6,3505.4,0.0,0,0,,0,0,0
15832,TUNUNGUÁ,BOYACÁ,5.730582,-73.933155,0,0,70.0,0.0,0,0,,0,0,0
15835,TURMEQUÉ,BOYACÁ,5.323261,-73.491825,5,4,5878.2,0.0,0,0,,0,0,0
15837,TUTA,BOYACÁ,5.689082,-73.230285,27,4,21436.6,100.0,0,0,,0,1,6.6
15839,TUTAZÁ,BOYACÁ,6.032608,-72.856035,0,0,1299.0,0.0,0,0,,0,0,0
15842,ÚMBITA,BOYACÁ,5.221176,-73.456917,16,4,14840.6,0.0,0,0,,0,1,11572.2
15861,VENTAQUEMADA,BOYACÁ,5.368739,-73.522368,15,6,7225.4,500.0,0,0,0.853,4,2,11158.8
15879,VIRACACHÁ,BOYACÁ,5.436833,-73.296894,0,0,0.0,0.0,0,0,,0,0,0
15897,ZETAQUIRA,BOYACÁ,5.283443,-73.17098,1,1,1417.0,0.0,0,0,,0,0,0
17001,MANIZALES,CALDAS,5.057657,-75.491025,125,9,37499.2,1223.0,0,0,,0,9,10682.0
17013,AGUADAS,CALDAS,5.610244,-75.45487,34,7,8113.5,31.0,0,0,,0,0,0
17042,ANSERMA,CALDAS,5.236471,-75.784343,33,8,14318.9,821.0,0,0,,0,0,0
17050,ARANZAZU,CALDAS,5.271195,-75.49129,6,1,2141.0,908.0,0,0,,0,2,24622.4
17088,BELALCÁZAR,CALDAS,4.993785,-75.811918,8,2,10985.9,0.0,0,0,,0,0,0
17174,CHINCHINÁ,CALDAS,4.985227,-75.607529,33,6,27204.5,539.0,0,0,,0,2,99.6
17272,FILADELFIA,CALDAS,5.297091,-75.562474,13,3,6257.4,0.0,0,0,,0,0,0
17380,LA DORADA,CALDAS,5.460834,-74.668819,20,6,32582.9,3901.0,0,0,,0,0,0
17388,LA MERCED,CALDAS,5.39647,-75.546486,17,3,29862.2,1226.0,0,0,,0,0,0
17433,MANZANARES,CALDAS,5.255699,-75.152829,2,2,6202.9,0.0,0,0,,0,1,1607.6
17442,MARMATO,CALDAS,5.47422,-75.600049,42,4,1080.4,120.0,0,0,,0,0,0
17444,MARQUETALIA,CALDAS,5.297525,-75.053097,0,0,0,0,0,0,,0,0,0
17446,MARULANDA,CALDAS,5.284304,-75.259721,0,0,0,0,0,0,,0,0,0
17486,NEIRA,CALDAS,5.166895,-75.520006,29,7,28151.0,0.0,0,0,,0,0,0
17495,NORCASIA,CALDAS,5.574796,-74.889543,1,1,10840.6,1248.0,0,0,,0,10,1560.8
17513,PÁCORA,CALDAS,5.527172,-75.459621,2,2,0.0,0.0,0,0,,0,1,726.9
17524,PALESTINA,CALDAS,5.017879,-75.624577,36,4,17738.0,296.0,0,0,,0,1,11.8
17541,PENSILVANIA,CALDAS,5.383281,-75.160299,3,1,5433.2,1877.0,0,0,,0,3,439.1
17614,RIOSUCIO,CALDAS,5.423673,-75.702104,4,1,10613.4,7578.0,0,0,,0,0,0
17616,RISARALDA,CALDAS,5.164509,-75.76722,0,0,658.3,0.0,0,0,,0,0,0
17653,SALAMINA,CALDAS,5.403025,-75.487223,2,1,4666.0,0.0,0,0,,0,2,763.7
17662,SAMANÁ,CALDAS,5.41308,-74.992263,0,0,5284.2,0.0,0,0,,0,2,10037.9
17665,SAN JOSÉ,CALDAS,5.08231,-75.792063,0,0,0.0,0.0,0,0,,0,0,0
17777,SUPÍA,CALDAS,5.446843,-75.64966,29,6,35399.7,6968.0,0,0,,0,0,0
17867,VICTORIA,CALDAS,5.317437,-74.911239,17,7,23307.6,1592.0,0,0,,0,1,1300.3
17873,VILLAMARÍA,CALDAS,5.038925,-75.502487,25,2,25591.4,0.0,0,0,,0,8,1387.6
17877,VITERBO,CALDAS,5.062664,-75.87061,26,6,6754.8,258.0,0,0,,0,1,98.8
18001,FLORENCIA,CAQUETÁ,1.618196,-75.609831,22,4,18795.8,181.0,1,0,,0,13,846.2
18029,ALBANIA,CAQUETÁ,1.328526,-75.878375,12,3,9973.5,0.0,1,0,,0,9,517.0
18094,BELÉN DE LOS ANDAQUÍES,CAQUETÁ,1.415812,-75.872405,12,3,1613.2,0.0,1,204.0,,0,3,384.0
18150,CARTAGENA DEL CHAIRÁ,CAQUETÁ,1.332371,-74.847867,0,0,0,0,1,22591.0,,0,1,110.8
18205,CURILLO,CAQUETÁ,1.033473,-75.919205,0,0,0,0,1,145.0,,0,1,55.5
18247,EL DONCELLO,CAQUETÁ,1.679951,-75.283631,0,0,10104.0,0.0,1,105.0,,0,3,130.8
18256,EL PAUJÍL,CAQUETÁ,1.570226,-75.326093,8,3,13927.0,0.0,1,121.0,,0,9,771.8
18410,LA MONTAÑITA,CAQUETÁ,1.479173,-75.436408,0,0,625.0,0.0,1,703.0,,0,24,1401.6
18460,MILÁN,CAQUETÁ,1.29021,-75.506926,0,0,0,0,1,424.0,,0,15,1443.7
18479,MORELIA,CAQUETÁ,1.486611,-75.724146,3,1,5071.1,4.0,1,23.0,,0,19,2081.9
18592,PUERTO RICO,CAQUETÁ,1.909063,-75.157604,8,2,11710.2,0.0,1,0,,0,10,985.2
18610,SAN JOSÉ DEL FRAGUA,CAQUETÁ,1.330266,-75.973796,0,0,912.2,0.0,1,238.0,,0,3,76117.9
18753,SAN VICENTE DEL CAGUÁN,CAQUETÁ,2.119413,-74.767894,4,2,2835.0,0.0,1,26632.0,,0,3,401.9
18756,SOLANO,CAQUETÁ,0.699077,-75.253702,0,0,3538.3,1343.0,1,6890.0,,0,0,0
18785,SOLITA,CAQUETÁ,0.87654,-75.619902,0,0,0,0,1,129.0,,0,0,0
18860,VALPARAÍSO,CAQUETÁ,1.194619,-75.70671,0,0,0,0,1,403.0,,0,4,220.3
19001,POPAYÁN,CAUCA,2.459641,-76.599377,23,8,24028.8,104.0,0,0,0.67,1,11,124.7
19022,ALMAGUER,CAUCA,1.913429,-76.85607,0,0,6299.5,0.0,0,0,,0,0,0
19050,ARGELIA,CAUCA,2.257427,-77.24905,0,0,242.3,0.0,1,0,,0,1,7256.7
19075,BALBOA,CAUCA,2.040998,-77.215773,0,0,0.0,0.0,1,0,,0,0,0
19100,BOLÍVAR,CAUCA,1.837538,-76.966215,7,4,10868.3,1125.0,0,0,,0,0,0
19110,BUENOS AIRES,CAUCA,3.015382,-76.642238,32,13,23609.8,0.0,1,0,0.835,4,0,0
19130,CAJIBÍO,CAUCA,2.623371,-76.570682,5,3,7699.7,0.0,1,0,,0,2,29.7
19137,CALDONO,CAUCA,2.798059,-76.484319,0,0,6506.9,0.0,1,0,,0,1,1.2
19142,CALOTO,CAUCA,3.034531,-76.408941,27,4,15053.8,0.0,1,0,,0,2,467.0
19212,CORINTO,CAUCA,3.173854,-76.261866,14,6,17138.9,0.0,1,0,,0,0,0
19256,EL TAMBO,CAUCA,2.451409,-76.810911,59,7,47277.2,3407.0,1,0,,0,4,217.0
19290,FLORENCIA,CAUCA,1.682535,-77.072547,0,0,0,0,0,616.0,,0,0,0
19300,GUACHENÉ,CAUCA,3.134153,-76.392189,29,4,8226.3,0.0,0,0,,0,0,0
19318,GUAPI,CAUCA,2.571337,-77.88797,2,2,27623.8,0.0,1,0,,0,0,0
19355,INZÁ,CAUCA,2.549183,-76.063503,0,0,0.0,0.0,0,0,,0,0,0
19364,JAMBALÓ,CAUCA,2.777834,-76.323877,0,0,0,0,1,0,,0,0,0
19392,LA SIERRA,CAUCA,2.179383,-76.763278,9,6,17147.6,0.0,0,0,,0,0,0
19397,LA VEGA,CAUCA,2.001803,-76.778771,0,0,2762.2,0.0,0,0,,0,0,0
19418,LÓPEZ DE MICAY,CAUCA,2.846788,-77.247803,0,0,7258.4,0.0,1,0,,0,2,71850.9
19450,MERCADERES,CAUCA,1.789193,-77.164319,7,3,2020.0,0.0,1,0,,0,0,0
19455,MIRANDA,CAUCA,3.254651,-76.228722,7,4,3709.4,0.0,1,0,,0,0,0
19473,MORALES,CAUCA,2.754684,-76.629106,4,2,2146.2,0.0,1,0,0.55,1,1,1.5
19513,PADILLA,CAUCA,3.220984,-76.313265,0,0,0,0,0,0,,0,0,0
19517,PÁEZ,CAUCA,2.645724,-75.970685,5,3,3813.4,0.0,0,0,,0,1,163923.7
19532,PATÍA,CAUCA,2.115875,-76.981075,8,4,14762.2,0.0,1,0,,0,0,0
19533,PIAMONTE,CAUCA,1.11754,-76.327588,3,2,2269.8,0.0,0,599.0,,0,1,97239.2
19548,PIENDAMÓ - TUNÍA,CAUCA,2.64228,-76.528615,0,0,0.0,0.0,1,0,,0,0,0
19573,PUERTO TEJADA,CAUCA,3.233254,-76.417673,24,4,11796.7,0.0,0,0,,0,0,0
19585,PURACÉ,CAUCA,2.341507,-76.496698,0,0,375.0,0.0,0,0,,0,20,399.8
19622,ROSAS,CAUCA,2.260941,-76.740336,8,2,14755.3,2096.0,0,0,,0,0,0
19693,SAN SEBASTIÁN,CAUCA,1.838451,-76.769467,0,0,0,0,0,41.0,,0,0,0
19698,SANTANDER DE QUILICHAO,CAUCA,3.015008,-76.485141,5,4,18582.3,153.0,1,0,,0,6,185.2
19701,SANTA ROSA,CAUCA,1.700916,-76.573252,30,3,11633.3,2011.0,0,222.0,,0,5,11307.2
19743,SILVIA,CAUCA,2.611927,-76.379753,0,0,0,0,0,0,,0,0,0
19760,SOTARÁ - PAISPAMBA,CAUCA,2.253156,-76.613365,2,1,7136.7,469.0,0,0,0.86,1,21,92411.2
19780,SUÁREZ,CAUCA,2.959785,-76.69357,15,4,16743.2,0.0,1,0,,0,2,69.1
19785,SUCRE,CAUCA,2.038237,-76.926279,0,0,0.0,0.0,0,0,,0,0,0
19807,TIMBÍO,CAUCA,2.349686,-76.684476,7,7,0.0,0.0,0,0,,0,0,0
19809,TIMBIQUÍ,CAUCA,2.777312,-77.667541,353,1,17990.0,367.0,1,0,,0,2,12734.3
19821,TORIBÍO,CAUCA,2.953017,-76.270284,12,3,10768.9,0.0,1,0,,0,0,0
19824,TOTORÓ,CAUCA,2.510252,-76.403628,1,1,3153.0,0.0,0,0,,0,25,826.5
19845,VILLA RICA,CAUCA,3.17762,-76.458025,31,9,6558.1,1313.0,0,0,0.85,1,0,0
20001,VALLEDUPAR,CESAR,10.460472,-73.259398,91,21,40767.3,0.0,1,0,,0,5,4158.9
20011,AGUACHICA,CESAR,8.306811,-73.614027,10,5,4940.1,930.0,0,0,,0,0,0
20013,AGUSTÍN CODAZZI,CESAR,10.040454,-73.238389,2,1,1158.0,0.0,1,0,,0,0,0
20032,ASTREA,CESAR,9.498062,-73.975842,2,2,568.0,0.0,0,0,,0,0,0
20045,BECERRIL,CESAR,9.704404,-73.278707,6,2,3827.2,0.0,1,0,,0,5,351.9
20060,BOSCONIA,CESAR,9.975098,-73.888761,35,8,6068.9,0.0,0,0,,0,0,0
20175,CHIMICHAGUA,CESAR,9.25875,-73.813278,36,3,2036.4,0.0,0,0,,0,2,139744.4
20178,CHIRIGUANÁ,CESAR,9.361058,-73.599913,10,5,7769.5,0.0,0,0,0.695,2,0,0
20228,CURUMANÍ,CESAR,9.201716,-73.540843,71,13,6353.9,0.0,0,0,,0,1,160657.6
20238,EL COPEY,CESAR,10.149883,-73.962703,36,9,5591.8,0.0,0,0,,0,2,139.7
20250,EL PASO,CESAR,9.668461,-73.742012,8,1,802.9,0.0,0,0,,0,1,189.8
20295,GAMARRA,CESAR,8.324793,-73.737558,2,2,2464.7,0.0,0,0,0.63,1,0,0
20310,GONZÁLEZ,CESAR,8.389604,-73.38004,0,0,0,0,0,0,,0,0,0
20383,LA GLORIA,CESAR,8.619298,-73.80321,14,6,2271.5,0.0,0,0,,0,0,0
20400,LA JAGUA DE IBIRICO,CESAR,9.563752,-73.334143,9,2,6413.9,0.0,1,0,,0,0,0
20443,MANAURE BALCÓN DEL CESAR,CESAR,10.390776,-73.029472,5,3,0.0,0.0,1,0,,0,3,23361.8
20517,PAILITAS,CESAR,8.959399,-73.625825,28,5,25649.9,0.0,0,0,,0,0,0
20550,PELAYA,CESAR,8.689451,-73.666735,18,6,269.4,0.0,0,0,,0,1,425.1
20570,PUEBLO BELLO,CESAR,10.417321,-73.586211,2,1,0,0,1,0,,0,1,573312.6
20614,RÍO DE ORO,CESAR,8.292292,-73.386393,4,2,5624.0,998.0,0,0,,0,0,0
20621,LA PAZ,CESAR,10.387552,-73.171365,16,9,4122.1,0.0,1,0,0.609,8,0,0
20710,SAN ALBERTO,CESAR,7.76111,-73.393889,12,9,10237.7,0.0,0,0,,0,1,2838.2
20750,SAN DIEGO,CESAR,10.333039,-73.181208,11,5,11180.5,0.0,1,0,,0,0,0
20770,SAN MARTÍN,CESAR,7.999855,-73.510914,28,7,9170.4,0.0,0,0,,0,0,0
20787,TAMALAMEQUE,CESAR,8.861725,-73.812172,4,2,3954.0,0.0,0,0,,0,0,0
23001,MONTERÍA,CÓRDOBA,8.759789,-75.873096,58,18,23118.2,0.0,0,0,,0,2,772.8
23068,AYAPEL,CÓRDOBA,8.313838,-75.146048,0,0,31209.3,853.0,0,0,,0,2,171871.1
23079,BUENAVISTA,CÓRDOBA,8.221187,-75.480897,0,0,92.4,31.0,0,0,,0,0,0
23090,CANALETE,CÓRDOBA,8.786939,-76.241476,0,0,0,0,0,0,,0,2,171.9
23162,CERETÉ,CÓRDOBA,8.888532,-75.796093,0,0,57.3,579.0,0,0,,0,1,1265.0
23168,CHIMÁ,CÓRDOBA,9.149698,-75.626886,0,0,0,0,0,0,,0,1,42004.7
23182,CHINÚ,CÓRDOBA,9.105473,-75.399633,0,0,923.3,0.0,0,0,,0,0,0
23189,CIÉNAGA DE ORO,CÓRDOBA,8.875794,-75.620807,3,3,2702.0,716.0,0,0,,0,0,0
23300,COTORRA,CÓRDOBA,9.037163,-75.799216,0,0,0,0,0,0,,0,1,326.1
23350,LA APARTADA,CÓRDOBA,8.050125,-75.336031,0,0,0.0,0.0,0,0,,0,0,0
23417,LORICA,CÓRDOBA,9.240789,-75.816084,2,2,10712.0,0.0,0,0,,0,1,713.1
23419,LOS CÓRDOBAS,CÓRDOBA,8.892098,-76.35518,5,3,6724.0,0.0,0,0,,0,0,0
23464,MOMIL,CÓRDOBA,9.240707,-75.67796,3,3,0.0,0.0,0,0,,0,0,0
23466,MONTELÍBANO,CÓRDOBA,7.973777,-75.416818,30,15,7273.7,0.0,1,0,0.54,1,0,0
23500,MOÑITOS,CÓRDOBA,9.245223,-76.1291,0,0,0,0,0,0,,0,1,92.0
23555,PLANETA RICA,CÓRDOBA,8.4082,-75.583241,11,10,7838.8,0.0,0,0,,0,4,14340.0
23570,PUEBLO NUEVO,CÓRDOBA,8.504099,-75.508035,0,0,0,0,0,0,,0,1,242.7
23574,PUERTO ESCONDIDO,CÓRDOBA,9.005372,-76.260411,1,1,1750.0,0.0,0,0,,0,0,0
23580,PUERTO LIBERTADOR,CÓRDOBA,7.888859,-75.671761,39,16,20602.3,6941.0,1,0,,0,0,0
23586,PURÍSIMA DE LA CONCEPCIÓN,CÓRDOBA,9.239295,-75.724987,3,3,0.0,0.0,0,0,,0,0,0
23660,SAHAGÚN,CÓRDOBA,8.943048,-75.445834,0,0,70.8,582.0,0,0,,0,0,0
23670,SAN ANDRÉS DE SOTAVENTO,CÓRDOBA,9.145448,-75.50879,0,0,69.8,0.0,0,0,,0,0,0
23672,SAN ANTERO,CÓRDOBA,9.376434,-75.76112,0,0,312.1,0.0,0,0,,0,0,0
23675,SAN BERNARDO DEL VIENTO,CÓRDOBA,9.35247,-75.955107,0,0,0,0,0,0,,0,1,26463.7
23678,SAN CARLOS,CÓRDOBA,8.799282,-75.698799,3,1,8318.0,57.0,0,0,,0,1,668.4
23682,SAN JOSÉ DE URÉ,CÓRDOBA,7.787303,-75.533476,9,9,5477.7,0.0,1,0,,0,0,0
23686,SAN PELAYO,CÓRDOBA,8.958436,-75.835615,0,0,4230.0,0.0,0,0,,0,0,0
23807,TIERRALTA,CÓRDOBA,8.170612,-76.059797,10,5,7234.2,0.0,1,0,,0,0,0
23815,TUCHÍN,CÓRDOBA,9.186625,-75.553962,0,0,0,0,0,0,,0,1,13.5
23855,VALENCIA,CÓRDOBA,8.255016,-76.150756,10,5,7454.0,0.0,1,0,,0,0,0
25001,AGUA DE DIOS,CUNDINAMARCA,4.375309,-74.669221,5,3,3323.6,0.0,0,0,,0,1,71.1
25019,ALBÁN,CUNDINAMARCA,4.878022,-74.438261,0,0,0.0,0.0,0,0,,0,1,991.8
25035,ANAPOIMA,CUNDINAMARCA,4.562737,-74.528676,1,1,868.5,0.0,0,0,,0,1,11.0
25040,ANOLAIMA,CUNDINAMARCA,4.7617,-74.46384,0,0,0,0,0,0,,0,1,4.4
25053,ARBELÁEZ,CUNDINAMARCA,4.272534,-74.414901,4,2,510.0,0.0,0,0,,0,0,0
25086,BELTRÁN,CUNDINAMARCA,4.802832,-74.741666,0,0,6953.0,0.0,0,0,,0,1,1156.0
25095,BITUIMA,CUNDINAMARCA,4.872171,-74.539609,0,0,0,0,0,0,,0,0,0
25099,BOJACÁ,CUNDINAMARCA,4.737205,-74.344594,9,3,2100.0,0.0,0,0,,0,2,10657.3
25120,CABRERA,CUNDINAMARCA,3.985164,-74.484549,0,0,0,0,0,0,,0,9,218.5
25123,CACHIPAY,CUNDINAMARCA,4.730957,-74.435711,0,0,0,0,0,0,,0,0,0
25126,CAJICÁ,CUNDINAMARCA,4.920009,-74.02298,0,0,2344.0,0.0,0,0,,0,0,0
25148,CAPARRAPÍ,CUNDINAMARCA,5.34758,-74.491045,14,4,7183.3,1398.0,0,0,,0,1,7.4
25151,CÁQUEZA,CUNDINAMARCA,4.404112,-73.946473,20,7,525.2,0.0,0,0,,0,0,0
25154,CARMEN DE CARUPA,CUNDINAMARCA,5.349119,-73.901357,8,4,1626.1,116.0,0,0,0.78,1,2,10.1
25168,CHAGUANÍ,CUNDINAMARCA,4.948916,-74.593455,2,1,3256.0,0.0,0,0,,0,0,0
25175,CHÍA,CUNDINAMARCA,4.866508,-74.05,8,1,2112.0,0.0,0,0,,0,1,0.6
25178,CHIPAQUE,CUNDINAMARCA,4.442671,-74.044876,8,2,1899.2,0.0,0,0,0.96,1,2,116.3
25181,CHOACHÍ,CUNDINAMARCA,4.527048,-73.922894,6,2,3895.0,2222.0,0,0,,0,20,12924.6
25183,CHOCONTÁ,CUNDINAMARCA,5.145224,-73.683533,3,2,0.0,0.0,0,0,0.79,2,0,0
25200,COGUA,CUNDINAMARCA,5.061842,-73.978497,65,5,14388.1,0.0,0,0,,0,5,3782.3
25214,COTA,CUNDINAMARCA,4.812564,-74.102569,0,0,0.0,0.0,0,0,,0,2,58.4
25224,CUCUNUBÁ,CUNDINAMARCA,5.249795,-73.766113,80,2,8904.8,0.0,0,0,,0,2,3026.3
25245,EL COLEGIO,CUNDINAMARCA,4.577951,-74.442261,2,2,1080.0,0.0,0,0,,0,0,0
25258,EL PEÑÓN,CUNDINAMARCA,5.248747,-74.290207,0,0,5650.0,0.0,0,0,,0,0,0
25260,EL ROSAL,CUNDINAMARCA,4.850589,-74.263103,19,4,5325.0,0.0,0,0,,0,2,19.2
25269,FACATATIVÁ,CUNDINAMARCA,4.813353,-74.350085,0,0,0,0,0,0,,0,1,207.9
25279,FÓMEQUE,CUNDINAMARCA,4.485474,-73.892523,0,0,0,0,0,0,,0,3,162.1
25281,FOSCA,CUNDINAMARCA,4.339093,-73.93902,4,1,9787.1,1238.0,0,0,,0,0,0
25286,FUNZA,CUNDINAMARCA,4.710412,-74.201528,0,0,0,0,0,0,0.433,3,2,1766.2
25288,FÚQUENE,CUNDINAMARCA,5.403997,-73.795855,0,0,0,0,0,0,,0,1,19163.9
25290,FUSAGASUGÁ,CUNDINAMARCA,4.336723,-74.37543,4,3,5323.0,0.0,0,0,,0,0,0
25293,GACHALÁ,CUNDINAMARCA,4.693579,-73.520161,42,4,13931.5,0.0,0,0,0.757,3,7,1714.8
25295,GACHANCIPÁ,CUNDINAMARCA,4.990947,-73.873464,4,3,378.0,0.0,0,0,,0,1,31.8
25297,GACHETÁ,CUNDINAMARCA,4.816411,-73.636377,8,3,6845.5,582.0,0,0,0.82,1,1,2922.7
25299,GAMA,CUNDINAMARCA,4.763325,-73.611037,0,0,0,0,0,0,,0,1,1777.7
25307,GIRARDOT,CUNDINAMARCA,4.313069,-74.798201,16,6,9748.1,0.0,0,0,,0,0,0
25312,GRANADA,CUNDINAMARCA,4.519763,-74.350766,0,0,0.0,0.0,0,0,,0,6,6272.7
25317,GUACHETÁ,CUNDINAMARCA,5.383378,-73.686972,55,5,7511.4,0.0,0,0,,0,1,2578.4
25320,GUADUAS,CUNDINAMARCA,5.072076,-74.603402,12,5,12757.0,814.0,0,0,,0,1,2859.8
25322,GUASCA,CUNDINAMARCA,4.866719,-73.877143,3,2,7286.9,2318.0,0,0,,0,13,5576.2
25324,GUATAQUÍ,CUNDINAMARCA,4.517517,-74.790058,4,1,11315.0,0.0,0,0,,0,0,0
25326,GUATAVITA,CUNDINAMARCA,4.935211,-73.83293,5,3,21980.4,0.0,0,0,,0,2,14097.8
25328,GUAYABAL DE SÍQUIMA,CUNDINAMARCA,4.877968,-74.467437,0,0,1900.0,0.0,0,0,,0,0,0
25335,GUAYABETAL,CUNDINAMARCA,4.215306,-73.815107,0,0,2407.1,0.0,0,0,,0,2,2948.6
25339,GUTIÉRREZ,CUNDINAMARCA,4.254679,-74.003042,0,0,1805.0,0.0,0,0,,0,0,0
25368,JERUSALÉN,CUNDINAMARCA,4.562273,-74.695474,24,5,26640.9,0.0,0,0,,0,0,0
25372,JUNÍN,CUNDINAMARCA,4.79057,-73.662961,8,3,8897.9,0.0,0,0,,0,12,9847.1
25377,LA CALERA,CUNDINAMARCA,4.721104,-73.968161,0,0,0.0,0.0,0,0,0.801,5,8,195.8
25386,LA MESA,CUNDINAMARCA,4.631028,-74.461588,0,0,0,0,0,0,,0,0,0
25394,LA PALMA,CUNDINAMARCA,5.358816,-74.391022,0,0,0,0,0,0,,0,1,646.0
25398,LA PEÑA,CUNDINAMARCA,5.198945,-74.394105,0,0,0,0,0,0,,0,0,0
25402,LA VEGA,CUNDINAMARCA,4.997768,-74.336885,1,1,0.0,0.0,0,0,,0,1,0.4
25407,LENGUAZAQUE,CUNDINAMARCA,5.306131,-73.711512,144,6,15326.8,0.0,0,0,,0,0,0
25426,MACHETÁ,CUNDINAMARCA,5.08007,-73.608226,3,1,13739.8,0.0,0,0,,0,4,3637.3
25430,MADRID,CUNDINAMARCA,4.732791,-74.265854,17,3,4660.7,0.0,0,0,,0,2,70.8
25436,MANTA,CUNDINAMARCA,5.009008,-73.540444,13,3,2399.5,720.0,0,0,,0,1,8.2
25438,MEDINA,CUNDINAMARCA,4.506298,-73.348449,6,1,17050.0,0.0,0,0,,0,2,237.0
25473,MOSQUERA,CUNDINAMARCA,4.70653,-74.221154,16,7,3943.1,1048.0,0,0,,0,0,0
25483,NARIÑO,CUNDINAMARCA,4.399837,-74.824732,10,3,5992.4,0.0,0,0,,0,0,0
25486,NEMOCÓN,CUNDINAMARCA,5.068705,-73.877888,29,4,7775.9,0.0,0,0,,0,3,13.1
25488,NILO,CUNDINAMARCA,4.305838,-74.620009,49,3,6700.5,0.0,0,0,,0,2,94.2
25489,NIMAIMA,CUNDINAMARCA,5.125992,-74.38604,0,0,0,0,0,0,,0,0,0
25491,NOCAIMA,CUNDINAMARCA,5.069466,-74.379093,0,0,0,0,0,0,,0,0,0
25506,VENECIA,CUNDINAMARCA,4.089056,-74.478301,0,0,0,0,0,0,,0,0,0
25513,PACHO,CUNDINAMARCA,5.136907,-74.156132,11,3,26008.0,0.0,0,0,,0,0,0
25518,PAIME,CUNDINAMARCA,5.370487,-74.152213,0,0,267.5,0.0,0,0,,0,0,0
25524,PANDI,CUNDINAMARCA,4.190393,-74.486641,1,1,4791.0,0.0,0,0,,0,0,0
25530,PARATEBUENO,CUNDINAMARCA,4.374832,-73.212825,18,8,5735.9,0.0,0,0,0.774,9,0,0
25535,PASCA,CUNDINAMARCA,4.308979,-74.302276,0,0,270.0,0.0,0,0,,0,0,0
25572,PUERTO SALGAR,CUNDINAMARCA,5.465413,-74.653695,1,1,0.0,0.0,0,0,,0,1,13448.4
25580,PULÍ,CUNDINAMARCA,4.682022,-74.71438,0,0,1729.0,0.0,0,0,,0,2,36404.7
25592,QUEBRADANEGRA,CUNDINAMARCA,5.118076,-74.48014,10,3,1939.0,0.0,0,0,,0,0,0
25594,QUETAME,CUNDINAMARCA,4.329884,-73.863214,11,5,6193.2,0.0,0,0,,0,0,0
25596,QUIPILE,CUNDINAMARCA,4.74481,-74.533705,0,0,0,0,0,0,,0,0,0
25599,APULO,CUNDINAMARCA,4.520304,-74.593926,2,1,1527.5,0.0,0,0,,0,0,0
25612,RICAURTE,CUNDINAMARCA,4.282113,-74.772861,8,3,9578.9,0.0,0,0,,0,0,0
25645,SAN ANTONIO DEL TEQUENDAMA,CUNDINAMARCA,4.616138,-74.351443,0,0,394.0,0.0,0,0,,0,2,202.9
25649,SAN BERNARDO,CUNDINAMARCA,4.179433,-74.42296,0,0,0.0,0.0,0,0,,0,0,0
25653,SAN CAYETANO,CUNDINAMARCA,5.332938,-74.024754,0,0,3610.3,0.0,0,0,0.79,1,0,0
25658,SAN FRANCISCO,CUNDINAMARCA,4.972917,-74.289672,2,1,2975.9,0.0,0,0,,0,2,2253.3
25662,SAN JUAN DE RIOSECO,CUNDINAMARCA,4.847575,-74.621919,4,2,11005.4,0.0,0,0,,0,0,0
25718,SASAIMA,CUNDINAMARCA,4.962167,-74.432628,0,0,1403.0,0.0,0,0,,0,1,34.5
25736,SESQUILÉ,CUNDINAMARCA,5.04476,-73.796099,1,1,0.0,0.0,0,0,,0,4,20.4
25740,SIBATÉ,CUNDINAMARCA,4.492625,-74.257874,1,1,1323.2,0.0,0,0,0.5,1,1,143.3
25743,SILVANIA,CUNDINAMARCA,4.381981,-74.405534,10,3,1247.7,0.0,0,0,,0,2,104.8
25745,SIMIJACA,CUNDINAMARCA,5.505231,-73.850703,2,1,12676.1,0.0,0,0,,0,0,0
25754,SOACHA,CUNDINAMARCA,4.579268,-74.215463,104,10,6938.3,0.0,0,0,,0,1,361.6
25758,SOPÓ,CUNDINAMARCA,4.915395,-73.943328,1,1,0.0,0.0,0,0,,0,7,1501.5
25769,SUBACHOQUE,CUNDINAMARCA,4.929118,-74.172773,10,3,1718.1,0.0,0,0,,0,1,124.3
25772,SUESCA,CUNDINAMARCA,5.103495,-73.798227,2,2,6322.4,0.0,0,0,,0,3,30.2
25777,SUPATÁ,CUNDINAMARCA,5.06162,-74.235403,0,0,0,0,0,0,,0,6,20733.7
25779,SUSA,CUNDINAMARCA,5.455291,-73.813938,0,0,12868.9,0.0,0,0,,0,0,0
25781,SUTATAUSA,CUNDINAMARCA,5.247482,-73.853159,36,3,7720.7,0.0,0,0,,0,0,0
25785,TABIO,CUNDINAMARCA,4.916832,-74.096461,1,1,1881.8,257.0,0,0,,0,4,270.7
25793,TAUSA,CUNDINAMARCA,5.196333,-73.887813,33,4,20038.0,1651.0,0,0,,0,3,41150.8
25797,TENA,CUNDINAMARCA,4.655286,-74.389193,0,0,0,0,0,0,,0,11,203.0
25799,TENJO,CUNDINAMARCA,4.872014,-74.143724,0,0,0,0,0,0,,0,10,894.7
25805,TIBACUY,CUNDINAMARCA,4.348605,-74.452662,1,1,4796.0,0.0,0,0,,0,2,1933.9
25807,TIBIRITA,CUNDINAMARCA,5.052278,-73.504514,5,1,3117.0,388.0,0,0,,0,0,0
25815,TOCAIMA,CUNDINAMARCA,4.459279,-74.636296,13,1,5976.0,0.0,0,0,,0,0,0
25817,TOCANCIPÁ,CUNDINAMARCA,4.964641,-73.91207,30,5,5448.3,0.0,0,0,,0,1,22.3
25823,TOPAIPÍ,CUNDINAMARCA,5.336224,-74.300626,0,0,10.0,0.0,0,0,,0,0,0
25839,UBALÁ,CUNDINAMARCA,4.74762,-73.531489,68,9,5925.9,16.0,0,0,0.895,2,2,294.0
25841,UBAQUE,CUNDINAMARCA,4.483788,-73.933477,0,0,3500.0,0.0,0,0,,0,1,18.2
25843,VILLA DE SAN DIEGO DE UBATÉ,CUNDINAMARCA,5.307463,-73.814367,2,1,12583.7,0.0,0,0,,0,0,0
25845,UNE,CUNDINAMARCA,4.40245,-74.025183,2,1,4294.0,2.0,0,0,0.72,1,0,0
25851,ÚTICA,CUNDINAMARCA,5.19055,-74.483154,2,2,92.0,347.0,0,0,0.4,1,0,0
25862,VERGARA,CUNDINAMARCA,5.117258,-74.346163,0,0,0,0,0,0,,0,2,33.0
25867,VIANÍ,CUNDINAMARCA,4.875208,-74.56132,0,0,426.0,0.0,0,0,,0,0,0
25871,VILLAGÓMEZ,CUNDINAMARCA,5.273024,-74.195145,4,2,0,0,0,0,,0,0,0
25873,VILLAPINZÓN,CUNDINAMARCA,5.216393,-73.595704,50,1,14342.5,0.0,0,0,0.715,2,2,1448.9
25875,VILLETA,CUNDINAMARCA,5.012754,-74.469686,2,1,5919.6,0.0,0,0,,0,0,0
25878,VIOTÁ,CUNDINAMARCA,4.43935,-74.523131,0,0,0,0,0,0,,0,1,9.2
25885,YACOPÍ,CUNDINAMARCA,5.459272,-74.33806,0,0,10.0,0.0,0,0,,0,1,50304.8
25898,ZIPACÓN,CUNDINAMARCA,4.759932,-74.379566,0,0,0,0,0,0,,0,0,0
25899,ZIPAQUIRÁ,CUNDINAMARCA,5.025477,-73.994444,5,3,16198.7,0.0,0,0,,0,2,34.9
27001,QUIBDÓ,CHOCÓ,5.682166,-76.638144,11,5,32622.2,2169.0,0,0,0.89,2,1,30462.5
27006,ACANDÍ,CHOCÓ,8.512178,-77.279951,0,0,4134.6,0.0,1,0,,0,9,160223.4
27025,ALTO BAUDÓ,CHOCÓ,5.516221,-76.974373,0,0,49.5,0.0,0,0,,0,0,0
27050,ATRATO,CHOCÓ,5.531419,-76.635674,1,1,45294.8,533.0,0,0,,0,0,0
27073,BAGADÓ,CHOCÓ,5.409681,-76.416063,2,1,20911.4,4265.0,0,0,,0,0,0
27075,BAHÍA SOLANO,CHOCÓ,6.222807,-77.401359,0,0,0,0,0,0,,0,1,64380.6
27077,BAJO BAUDÓ,CHOCÓ,4.954576,-77.365717,0,0,38.1,0.0,0,0,,0,1,315366.5
27099,BOJAYÁ,CHOCÓ,6.559708,-76.886773,0,0,244.2,131.0,1,0,,0,0,0
27135,EL CANTÓN DEL SAN PABLO,CHOCÓ,5.335321,-76.726844,0,0,19596.9,916.0,0,0,,0,0,0
27150,CARMEN DEL DARIÉN,CHOCÓ,7.158294,-76.970798,0,0,16.2,0.0,1,0,,0,0,0
27160,CÉRTEGUI,CHOCÓ,5.371373,-76.607619,0,0,48178.1,1497.0,0,0,,0,0,0
27205,CONDOTO,CHOCÓ,5.091003,-76.650683,24,8,11660.4,0.0,1,0,,0,0,0
27245,EL CARMEN DE ATRATO,CHOCÓ,5.899789,-76.142112,2,1,1021.1,215.0,0,0,,0,6,22069.3
27250,EL LITORAL DEL SAN JUAN,CHOCÓ,4.259564,-77.363702,0,0,38.7,666.0,1,0,,0,2,53690.0
27361,ISTMINA,CHOCÓ,5.153946,-76.68518,20,5,17857.1,0.0,1,0,,0,0,0
27372,JURADÓ,CHOCÓ,7.103619,-77.762751,0,0,0,0,0,0,,0,0,0
27413,LLORÓ,CHOCÓ,5.49789,-76.545147,0,0,50942.3,742.0,0,0,,0,0,0
27425,MEDIO ATRATO,CHOCÓ,5.994935,-76.783042,0,0,28028.1,2166.0,1,0,,0,0,0
27430,MEDIO BAUDÓ,CHOCÓ,5.192471,-76.950891,0,0,3293.0,1823.0,0,0,,0,0,0
27450,MEDIO SAN JUAN,CHOCÓ,5.098291,-76.694409,6,3,53047.0,1343.0,1,0,,0,0,0
27491,NÓVITA,CHOCÓ,4.956063,-76.609467,0,0,33715.1,1558.0,1,0,,0,0,0
27493,NUEVO BELÉN DE BAJIRÁ,CHOCÓ,7.3719,-76.71727,0,0,4275.0,0.0,0,0,,0,1,38999.8
27495,NUQUÍ,CHOCÓ,5.709812,-77.265507,0,0,402.0,2374.0,0,0,,0,1,60418.7
27580,RÍO IRÓ,CHOCÓ,5.1863,-76.472925,6,3,52180.4,3362.0,0,0,,0,0,0
27600,RÍO QUITO,CHOCÓ,5.483667,-76.740684,0,0,53365.0,3155.0,0,0,,0,0,0
27615,RIOSUCIO,CHOCÓ,7.436704,-77.113156,0,0,5060.1,267.0,1,0,,0,0,0
27660,SAN JOSÉ DEL PALMAR,CHOCÓ,4.896954,-76.234227,0,0,8067.2,1259.0,0,0,,0,4,124.5
27745,SIPÍ,CHOCÓ,4.65262,-76.643453,0,0,42187.9,2220.0,1,0,,0,0,0
27787,TADÓ,CHOCÓ,5.264873,-76.558571,14,7,44346.7,2574.0,0,0,,0,0,0
27800,UNGUÍA,CHOCÓ,8.04406,-77.092538,0,0,4930.6,2158.0,1,0,,0,2,109333.4
27810,UNIÓN PANAMERICANA,CHOCÓ,5.281108,-76.630143,51,9,27819.5,742.0,0,0,,0,0,0
41001,NEIVA,HUILA,2.935432,-75.277327,42,11,25522.7,6.0,0,0,,0,4,51.4
41006,ACEVEDO,HUILA,1.805173,-75.888706,0,0,0,0,0,0,,0,0,0
41013,AGRADO,HUILA,2.25987,-75.772022,0,0,629.9,0.0,0,0,,0,1,413.3
41016,AIPE,HUILA,3.223996,-75.239017,7,3,9787.9,0.0,0,0,,0,13,1770.5
41020,ALGECIRAS,HUILA,2.521674,-75.315389,0,0,0,0,1,0,,0,1,106554.4
41026,ALTAMIRA,HUILA,2.063841,-75.788471,0,0,1992.9,0.0,0,0,,0,0,0
41078,BARAYA,HUILA,3.152204,-75.054843,0,0,5338.0,0.0,0,0,,0,3,48.1
41132,CAMPOALEGRE,HUILA,2.686767,-75.325748,13,4,20849.8,500.0,0,0,,0,0,0
41206,COLOMBIA,HUILA,3.376745,-74.802815,0,0,0.0,0.0,0,0,0.59,1,0,0
41244,ELÍAS,HUILA,2.012854,-75.938301,0,0,0.0,0.0,0,0,,0,0,0
41298,GARZÓN,HUILA,2.196493,-75.627057,0,0,12481.1,0.0,0,0,,0,2,2277.2
41306,GIGANTE,HUILA,2.384031,-75.547681,0,0,170.8,826.0,0,0,0.57,1,8,33262.9
41319,GUADALUPE,HUILA,2.02426,-75.757185,0,0,0.0,0.0,0,0,,0,0,0
41349,HOBO,HUILA,2.580812,-75.447697,0,0,7924.0,0.0,0,0,,0,0,0
41357,ÍQUIRA,HUILA,2.649359,-75.634497,6,6,15673.9,296.0,0,0,,0,2,88.4
41359,ISNOS,HUILA,1.929467,-76.217637,0,0,240.0,0.0,0,0,0.91,1,8,28613.2
41378,LA ARGENTINA,HUILA,2.198496,-75.979763,0,0,0,0,0,0,,0,11,24644.1
41396,LA PLATA,HUILA,2.389263,-75.891254,1,1,6879.2,0.0,0,0,,0,0,0
41483,NÁTAGA,HUILA,2.5451,-75.808756,1,1,1417.0,0.0,0,0,,0,7,51.9
41503,OPORAPA,HUILA,2.025088,-75.995165,0,0,0.0,0.0,0,0,,0,1,3.6
41518,PAICOL,HUILA,2.449651,-75.773158,10,3,10288.0,0.0,0,0,,0,7,53.4
41524,PALERMO,HUILA,2.889649,-75.435296,44,12,57385.5,1249.0,0,0,,0,1,251.1
41530,PALESTINA,HUILA,1.723725,-76.133251,0,0,0,0,0,0,,0,9,7245.9
41548,PITAL,HUILA,2.266618,-75.804544,0,0,0,0,0,0,,0,1,1.9
41551,PITALITO,HUILA,1.852631,-76.049441,13,9,36582.3,0.0,0,0,,0,4,32793.0
41615,RIVERA,HUILA,2.777586,-75.258753,9,5,16383.7,0.0,0,0,,0,6,27117.2
41660,SALADOBLANCO,HUILA,1.9934,-76.044747,0,0,120.0,0.0,0,0,,0,7,3909.7
41668,SAN AGUSTÍN,HUILA,1.881081,-76.27036,0,0,10198.0,0.0,0,0,0.92,2,41,63044.6
41676,SANTA MARÍA,HUILA,2.939603,-75.586223,10,4,7801.3,0.0,0,0,,0,25,796.1
41770,SUAZA,HUILA,1.976051,-75.79525,0,0,90.0,0.0,0,0,,0,0,0
41791,TARQUI,HUILA,2.111325,-75.823976,0,0,6752.0,0.0,0,0,,0,0,0
41797,TESALIA,HUILA,2.486364,-75.730271,19,6,28341.9,242.0,0,0,,0,0,0
41799,TELLO,HUILA,3.067538,-75.138773,6,1,8589.0,0.0,0,0,,0,6,295.0
41801,TERUEL,HUILA,2.740968,-75.567034,8,4,14544.8,920.0,0,0,,0,2,22091.8
41807,TIMANÁ,HUILA,1.974539,-75.932167,0,0,1668.0,0.0,0,0,,0,0,0
41872,VILLAVIEJA,HUILA,3.218822,-75.217174,3,3,0,0,0,0,,0,2,35286.8
41885,YAGUARÁ,HUILA,2.664694,-75.518023,8,4,17263.2,92.0,0,0,,0,1,14.1
44001,RIOHACHA,LA GUAJIRA,11.528588,-72.911795,22,7,17543.5,0.0,0,0,,0,1,3573.2
44035,ALBANIA,LA GUAJIRA,11.151628,-72.61232,8,4,2764.4,0.0,0,0,,0,3,46197.9
44078,BARRANCAS,LA GUAJIRA,10.958669,-72.793639,8,2,4362.8,937.0,0,0,,0,1,42129.9
44090,DIBULLA,LA GUAJIRA,11.27155,-73.307598,15,7,4109.1,0.0,1,0,,0,9,9315.6
44098,DISTRACCIÓN,LA GUAJIRA,10.898414,-72.887405,2,2,1493.0,0.0,0,0,,0,0,0
44110,EL MOLINO,LA GUAJIRA,10.653505,-72.92673,1,1,0.0,0.0,0,0,,0,1,1001.3
44279,FONSECA,LA GUAJIRA,10.886734,-72.846319,0,0,0.0,0.0,1,0,,0,0,0
44378,HATONUEVO,LA GUAJIRA,11.068864,-72.75904,17,5,4440.6,0.0,0,0,0.73,1,2,10807.9
44420,LA JAGUA DEL PILAR,LA GUAJIRA,10.511862,-73.072638,1,1,0,0,0,0,,0,0,0
44430,MAICAO,LA GUAJIRA,11.378535,-72.242738,4,2,0.0,0.0,0,0,,0,0,0
44560,MANAURE,LA GUAJIRA,11.773767,-72.438739,0,0,329.9,0.0,0,0,,0,2,68667.7
44650,SAN JUAN DEL CESAR,LA GUAJIRA,10.769546,-73.000629,1,1,0.0,0.0,1,0,0.82,1,1,2606.0
44847,URIBIA,LA GUAJIRA,11.711904,-72.265906,7,5,6531.5,0.0,0,0,,0,0,0
44855,URUMITA,LA GUAJIRA,10.560169,-73.012507,1,1,0,0,0,0,,0,2,30325.4
44874,VILLANUEVA,LA GUAJIRA,10.608774,-72.977583,0,0,860.0,0.0,0,0,,0,0,0
47001,SANTA MARTA,MAGDALENA,11.204679,-74.199829,20,7,12876.8,0.0,1,0,,0,13,20835.1
47030,ALGARROBO,MAGDALENA,10.188059,-74.061132,8,2,4810.9,0.0,0,0,,0,0,0
47053,ARACATACA,MAGDALENA,10.589791,-74.186702,2,1,2899.5,0.0,1,0,,0,0,0
47058,ARIGUANÍ,MAGDALENA,9.847047,-74.236515,1,1,788.0,265.0,0,0,,0,0,0
47161,CERRO DE SAN ANTONIO,MAGDALENA,10.325531,-74.868474,0,0,0,0,0,0,,0,0,0
47170,CHIVOLO,MAGDALENA,10.026631,-74.622242,0,0,0,0,0,0,,0,0,0
47189,CIÉNAGA,MAGDALENA,11.006654,-74.241286,32,10,9749.8,299.0,1,0,,0,0,0
47205,CONCORDIA,MAGDALENA,10.257314,-74.83303,0,0,0,0,0,0,,0,0,0
47245,EL BANCO,MAGDALENA,9.008503,-73.97437,1,1,2560.2,255.0,0,0,0.75,1,0,0
47258,EL PIÑÓN,MAGDALENA,10.402781,-74.823094,0,0,0,0,0,0,,0,0,0
47268,EL RETÉN,MAGDALENA,10.610488,-74.268444,0,0,0,0,0,0,,0,0,0
47288,FUNDACIÓN,MAGDALENA,10.514146,-74.191453,11,4,37.6,0.0,1,0,,0,0,0
47318,GUAMAL,MAGDALENA,9.144354,-74.223689,0,0,0.0,0.0,0,0,,0,0,0
47460,NUEVA GRANADA,MAGDALENA,9.80186,-74.391841,0,0,0,0,0,0,,0,0,0
47541,PEDRAZA,MAGDALENA,10.18825,-74.9154,0,0,0,0,0,0,,0,0,0
47545,PIJIÑO DEL CARMEN,MAGDALENA,9.331922,-74.459034,0,0,0,0,0,0,,0,0,0
47551,PIVIJAY,MAGDALENA,10.460707,-74.613312,0,0,0,0,0,0,,0,0,0
47555,PLATO,MAGDALENA,9.796713,-74.784549,0,0,2178.0,0.0,0,0,,0,0,0
47570,PUEBLOVIEJO,MAGDALENA,10.994766,-74.28253,0,0,0,0,0,0,,0,0,0
47605,REMOLINO,MAGDALENA,10.701952,-74.716172,0,0,24.0,252.0,0,0,,0,1,27018.7
47660,SABANAS DE SAN ÁNGEL,MAGDALENA,10.032536,-74.213946,0,0,0,0,0,0,,0,0,0
47675,SALAMINA,MAGDALENA,10.491229,-74.794189,0,0,0,0,0,0,,0,0,0
47692,SAN SEBASTIÁN DE BUENAVISTA,MAGDALENA,9.241656,-74.351498,0,0,0,0,0,0,,0,0,0
47703,SAN ZENÓN,MAGDALENA,9.245061,-74.498992,0,0,0,0,0,0,,0,0,0
47707,SANTA ANA,MAGDALENA,9.324294,-74.566845,0,0,0.0,0.0,0,0,,0,1,156.4
47720,SANTA BÁRBARA DE PINTO,MAGDALENA,9.432263,-74.704667,0,0,0,0,0,0,,0,0,0
47745,SITIONUEVO,MAGDALENA,10.775285,-74.720021,0,0,0,0,0,0,,0,0,0
47798,TENERIFE,MAGDALENA,9.898273,-74.859783,0,0,0.0,0.0,0,0,,0,0,0
47960,ZAPAYÁN,MAGDALENA,10.168297,-74.716878,0,0,0,0,0,0,,0,0,0
47980,ZONA BANANERA,MAGDALENA,10.763024,-74.140091,6,4,8546.0,0.0,0,0,,0,0,0
50001,VILLAVICENCIO,META,4.126369,-73.622601,111,6,7281.9,0.0,0,0,,0,12,2401.6
50006,ACACÍAS,META,3.990413,-73.766034,90,11,6112.8,864.0,0,0,0.6,1,3,18271.3
50110,BARRANCA DE UPÍA,META,4.566225,-72.961083,10,3,913.6,0.0,0,0,,0,1,628.0
50124,CABUYARO,META,4.286705,-72.791768,10,3,1507.5,0.0,0,0,0.81,1,5,21498.1
50150,CASTILLA LA NUEVA,META,3.830005,-73.687302,20,4,4827.0,0.0,0,0,,0,0,0
50223,CUBARRAL,META,3.793653,-73.837999,2,2,2670.3,994.0,0,0,,0,1,210738.8
50226,CUMARAL,META,4.270042,-73.487052,21,5,10243.6,50.0,0,0,0.76,1,5,58.6
50245,EL CALVARIO,META,4.352665,-73.713325,0,0,0.0,0.0,0,0,,0,4,4897.4
50251,EL CASTILLO,META,3.563907,-73.794225,11,3,1337.2,850.0,0,0,,0,0,0
50270,EL DORADO,META,3.739984,-73.835264,7,4,4209.5,0.0,0,0,,0,1,21.8
50287,FUENTE DE ORO,META,3.462875,-73.618121,10,2,10310.7,900.0,0,0,,0,0,0
50313,GRANADA,META,3.547147,-73.705815,32,2,12260.8,0.0,0,0,,0,0,0
50318,GUAMAL,META,3.879657,-73.768815,26,4,3910.1,0.0,0,0,,0,0,0
50325,MAPIRIPÁN,META,2.896617,-72.135509,0,0,0.0,0.0,1,10623.0,,0,1,1146.9
50330,MESETAS,META,3.382732,-74.044328,1,1,2485.4,0.0,1,1145.0,,0,0,0
50350,LA MACARENA,META,2.177143,-73.78661,0,0,2510.0,0.0,1,18680.0,,0,4,208207.9
50370,URIBE,META,3.239634,-74.351508,1,1,1489.6,0.0,1,6278.0,,0,1,287667.3
50400,LEJANÍAS,META,3.525115,-74.023514,0,0,0,0,0,0,,0,0,0
50450,PUERTO CONCORDIA,META,2.624006,-72.760209,4,2,600.0,0.0,1,442.0,,0,1,28160.9
50568,PUERTO GAITÁN,META,4.314905,-72.087649,8,5,3878.7,0.0,0,204.0,,0,6,4449.6
50573,PUERTO LÓPEZ,META,4.09349,-72.957324,22,3,3191.4,0.0,0,0,,0,4,576.8
50577,PUERTO LLERAS,META,3.272117,-73.37385,0,0,0.0,0.0,1,0,,0,1,810.3
50590,PUERTO RICO,META,2.939621,-73.206314,0,0,1210.0,0.0,1,5105.0,,0,2,620046.5
50606,RESTREPO,META,4.259556,-73.565408,24,4,21107.2,0.0,0,0,,0,1,1.7
50680,SAN CARLOS DE GUAROA,META,3.71065,-73.242253,31,4,5958.9,0.0,0,0,,0,3,412.9
50683,SAN JUAN DE ARAMA,META,3.373728,-73.875832,1,1,6931.0,0.0,0,177.0,,0,2,66.4
50686,SAN JUANITO,META,4.458181,-73.676699,0,0,0,0,0,0,,0,5,78267.6
50689,SAN MARTÍN,META,3.701899,-73.695812,19,2,3252.3,0.0,0,0,,0,3,216.6
50711,VISTAHERMOSA,META,3.125579,-73.750966,0,0,3672.4,0.0,1,4680.0,,0,0,0
52001,PASTO,NARIÑO,1.212352,-77.278795,21,3,18243.5,0.0,0,34.0,,0,5,4708.0
52019,ALBÁN,NARIÑO,1.474978,-77.080712,0,0,0,0,0,0,,0,0,0
52022,ALDANA,NARIÑO,0.882381,-77.700564,0,0,0,0,0,0,0.703,3,0,0
52036,ANCUYA,NARIÑO,1.263276,-77.514512,0,0,0.0,0.0,0,0,,0,0,0
52051,ARBOLEDA,NARIÑO,1.503418,-77.135467,0,0,0.0,0.0,0,0,,0,0,0
52079,BARBACOAS,NARIÑO,1.671733,-78.13765,0,0,26081.7,1347.0,1,0,,0,0,0
52083,BELÉN,NARIÑO,1.595681,-77.015619,0,0,0,0,0,0,,0,0,0
52110,BUESACO,NARIÑO,1.381453,-77.156463,0,0,0.0,0.0,0,0,,0,0,0
52203,COLÓN,NARIÑO,1.643878,-77.019777,0,0,452.0,0.0,0,0,,0,0,0
52207,CONSACÁ,NARIÑO,1.207854,-77.466136,1,1,4001.0,158.0,0,0,,0,3,8235.4
52210,CONTADERO,NARIÑO,0.910458,-77.549409,0,0,270.0,0.0,0,0,,0,0,0
52215,CÓRDOBA,NARIÑO,0.854564,-77.517897,1,1,0,0,0,0,,0,0,0
52224,CUASPUD CARLOSAMA,NARIÑO,0.862978,-77.728947,0,0,2121.0,0.0,0,0,,0,0,0
52227,CUMBAL,NARIÑO,0.906367,-77.792505,1,1,1630.0,0.0,0,0,,0,0,0
52233,CUMBITARA,NARIÑO,1.647163,-77.578616,0,0,11938.3,0.0,1,0,,0,0,0
52240,CHACHAGÜÍ,NARIÑO,1.360545,-77.281869,0,0,0,0,0,0,,0,0,0
52250,EL CHARCO,NARIÑO,2.479688,-78.110217,0,0,8060.7,711.0,1,0,,0,1,60503.8
52254,EL PEÑOL,NARIÑO,1.453567,-77.438522,0,0,0.0,0.0,0,0,,0,0,0
52256,EL ROSARIO,NARIÑO,1.745309,-77.33417,0,0,0,0,1,0,,0,1,158.5
52258,EL TABLÓN DE GÓMEZ,NARIÑO,1.427277,-77.097101,0,0,0.0,0.0,0,0,,0,0,0
52260,EL TAMBO,NARIÑO,1.407913,-77.390772,0,0,1048.0,370.0,0,0,,0,0,0
52287,FUNES,NARIÑO,1.001159,-77.448913,10,2,1711.0,0.0,0,2.0,,0,0,0
52317,GUACHUCAL,NARIÑO,0.959744,-77.731589,0,0,0,0,0,0,,0,0,0
52320,GUAITARILLA,NARIÑO,1.129574,-77.549824,0,0,0,0,0,0,,0,0,0
52323,GUALMATÁN,NARIÑO,0.919652,-77.568701,0,0,0,0,0,0,,0,1,3107.0
52352,ILES,NARIÑO,0.96952,-77.521227,4,1,1093.0,0.0,0,0,,0,0,0
52354,IMUÉS,NARIÑO,1.05506,-77.496339,11,4,972.1,0.0,0,0,,0,0,0
52356,IPIALES,NARIÑO,0.827732,-77.646367,5,2,12816.0,0.0,0,309.0,,0,0,0
52378,LA CRUZ,NARIÑO,1.601318,-76.970504,0,0,0,0,0,0,,0,1,65827.8
52381,LA FLORIDA,NARIÑO,1.29753,-77.402882,0,0,0,0,0,0,,0,1,1.0
52385,LA LLANADA,NARIÑO,1.472892,-77.58091,12,3,12224.4,34.0,0,0,,0,0,0
52390,LA TOLA,NARIÑO,2.398999,-78.189725,0,0,0,0,1,0,,0,0,0
52399,LA UNIÓN,NARIÑO,1.600219,-77.131316,10,1,7648.0,0.0,0,0,,0,0,0
52405,LEIVA,NARIÑO,1.934453,-77.306135,0,0,0,0,1,0,,0,0,0
52411,LINARES,NARIÑO,1.350814,-77.523953,0,0,0,0,0,0,,0,0,0
52418,LOS ANDES,NARIÑO,1.494587,-77.521303,18,3,2532.6,0.0,1,0,,0,0,0
52427,MAGÜÍ,NARIÑO,1.765633,-78.182924,0,0,8174.6,1078.0,1,0,,0,0,0
52435,MALLAMA,NARIÑO,1.141037,-77.864549,6,2,2582.2,0.0,0,0,,0,0,0
52473,MOSQUERA,NARIÑO,2.507139,-78.452992,0,0,0,0,1,0,,0,1,85504.8
52480,NARIÑO,NARIÑO,1.288979,-77.357972,0,0,1251.8,55.0,0,0,,0,1,18.1
52490,OLAYA HERRERA,NARIÑO,2.347457,-78.325814,0,0,0,0,1,0,,0,0,0
52506,OSPINA,NARIÑO,1.058433,-77.566082,0,0,0.0,0.0,0,0,,0,0,0
52520,FRANCISCO PIZARRO,NARIÑO,2.040629,-78.658361,0,0,0,0,1,0,,0,0,0
52540,POLICARPA,NARIÑO,1.627196,-77.458686,0,0,36.8,0.0,1,0,0.671,4,0,0
52560,POTOSÍ,NARIÑO,0.806639,-77.573003,0,0,12048.3,26.0,0,10.0,,0,0,0
52565,PROVIDENCIA,NARIÑO,1.237814,-77.596794,0,0,0,0,0,0,,0,0,0
52573,PUERRES,NARIÑO,0.885125,-77.504211,3,2,2081.0,0.0,0,15.0,,0,0,0
52585,PUPIALES,NARIÑO,0.870442,-77.636042,0,0,4801.0,0.0,0,0,,0,0,0
52612,RICAURTE,NARIÑO,1.212492,-77.995153,0,0,0.0,0.0,1,0,,0,4,6726.1
52621,ROBERTO PAYÁN,NARIÑO,1.697492,-78.245716,0,0,11673.3,401.0,1,0,,0,1,356.6
52678,SAMANIEGO,NARIÑO,1.335438,-77.594341,4,1,20830.7,73.0,0,0,,0,0,0
52683,SANDONÁ,NARIÑO,1.283438,-77.47313,1,1,7880.0,0.0,0,0,,0,0,0
52685,SAN BERNARDO,NARIÑO,1.513762,-77.0475,0,0,301.9,0.0,0,0,,0,0,0
52687,SAN LORENZO,NARIÑO,1.503362,-77.21542,0,0,0.0,0.0,0,0,,0,0,0
52693,SAN PABLO,NARIÑO,1.669429,-77.013984,11,2,17338.3,456.0,0,0,,0,0,0
52694,SAN PEDRO DE CARTAGO,NARIÑO,1.551572,-77.11941,0,0,0.0,0.0,0,0,,0,1,3126.7
52696,SANTA BÁRBARA,NARIÑO,2.449653,-77.979916,0,0,17532.3,431.0,1,0,,0,0,0
52699,SANTACRUZ,NARIÑO,1.222589,-77.677035,1,1,7106.5,0.0,0,0,,0,0,0
52720,SAPUYES,NARIÑO,1.037536,-77.62028,15,2,3889.0,0.0,0,0,,0,0,0
52786,TAMINANGO,NARIÑO,1.570358,-77.2808,1,1,1075.2,0.0,0,0,,0,1,21291.0
52788,TANGUA,NARIÑO,1.09482,-77.393735,0,0,0,0,0,0,,0,1,15000.6
52835,SAN ANDRÉS DE TUMACO,NARIÑO,1.807399,-78.764073,1,1,19553.6,0.0,1,0,,0,1,191988.3
52838,TÚQUERRES,NARIÑO,1.085044,-77.61672,1,1,6638.9,0.0,0,0,,0,1,7528.2
52885,YACUANQUER,NARIÑO,1.115937,-77.400169,2,2,9945.0,524.0,0,0,,0,6,35.7
54001,SAN JOSÉ DE CÚCUTA,NORTE DE SANTANDER,7.905725,-72.508178,251,18,19605.7,1400.0,0,0,,0,0,0
54003,ÁBREGO,NORTE DE SANTANDER,8.081616,-73.221722,11,3,2012.0,0.0,0,0,,0,1,8007.0
54051,ARBOLEDAS,NORTE DE SANTANDER,7.642985,-72.798952,5,1,9874.8,0.0,0,0,,0,0,0
54099,BOCHALEMA,NORTE DE SANTANDER,7.612192,-72.64701,27,8,27052.4,123.0,0,0,,0,0,0
54109,BUCARASICA,NORTE DE SANTANDER,8.041299,-72.868231,2,2,441.0,0.0,0,0,,0,0,0
54125,CÁCOTA,NORTE DE SANTANDER,7.268705,-72.642059,0,0,7599.0,0.0,0,0,,0,0,0
54128,CÁCHIRA,NORTE DE SANTANDER,7.741248,-73.048983,0,0,0,0,0,0,,0,0,0
54172,CHINÁCOTA,NORTE DE SANTANDER,7.603112,-72.601162,13,4,10868.7,0.0,0,0,,0,1,14.4
54174,CHITAGÁ,NORTE DE SANTANDER,7.138187,-72.665468,8,3,3385.8,0.0,0,0,,0,0,0
54206,CONVENCIÓN,NORTE DE SANTANDER,8.470374,-73.3372,0,0,0.0,0.0,1,0,,0,0,0
54223,CUCUTILLA,NORTE DE SANTANDER,7.539633,-72.772816,0,0,0,0,0,0,,0,2,33987.4
54239,DURANIA,NORTE DE SANTANDER,7.714804,-72.658491,21,3,5850.1,396.0,0,0,,0,0,0
54245,EL CARMEN,NORTE DE SANTANDER,8.510579,-73.446687,0,0,217.0,0.0,1,0,,0,1,66.7
54250,EL TARRA,NORTE DE SANTANDER,8.574281,-73.09614,0,0,0,0,1,0,,0,0,0
54261,EL ZULIA,NORTE DE SANTANDER,7.938572,-72.604717,162,14,21984.3,800.0,0,0,,0,0,0
54313,GRAMALOTE,NORTE DE SANTANDER,7.916946,-72.787233,0,0,0,0,0,0,,0,1,1581.3
54344,HACARÍ,NORTE DE SANTANDER,8.321506,-73.145997,0,0,0,0,1,0,,0,0,0
54347,HERRÁN,NORTE DE SANTANDER,7.506541,-72.483519,12,1,9438.7,0.0,0,0,,0,1,10651.4
54377,LABATECA,NORTE DE SANTANDER,7.298414,-72.495983,16,4,17230.7,0.0,0,0,,0,1,9.7
54385,LA ESPERANZA,NORTE DE SANTANDER,7.639839,-73.328126,17,10,14654.9,553.0,0,0,,0,0,0
54398,LA PLAYA,NORTE DE SANTANDER,8.21124,-73.239986,0,0,0,0,0,0,,0,1,1051.5
54405,LOS PATIOS,NORTE DE SANTANDER,7.833186,-72.505612,74,7,10270.9,1495.0,0,0,,0,0,0
54418,LOURDES,NORTE DE SANTANDER,7.945631,-72.832376,0,0,0,0,0,0,,0,0,0
54480,MUTISCUA,NORTE DE SANTANDER,7.300469,-72.747169,0,0,2652.5,0.0,0,0,,0,1,9384.3
54498,OCAÑA,NORTE DE SANTANDER,8.248574,-73.35607,5,3,6064.7,0.0,0,0,0.76,1,3,2467.5
54518,PAMPLONA,NORTE DE SANTANDER,7.372802,-72.647714,1,1,13250.0,0.0,0,0,0.59,1,0,0
54520,PAMPLONITA,NORTE DE SANTANDER,7.436745,-72.639111,35,4,33829.0,0.0,0,0,,0,0,0
54553,PUERTO SANTANDER,NORTE DE SANTANDER,8.359993,-72.411363,0,0,0,0,0,0,,0,0,0
54599,RAGONVALIA,NORTE DE SANTANDER,7.577861,-72.476708,0,0,0,0,0,0,,0,0,0
54660,SALAZAR,NORTE DE SANTANDER,7.773683,-72.813064,20,2,5194.1,0.0,0,0,,0,1,19080.1
54670,SAN CALIXTO,NORTE DE SANTANDER,8.40214,-73.208622,0,0,0,0,1,0,,0,0,0
54673,SAN CAYETANO,NORTE DE SANTANDER,7.875695,-72.625459,89,10,12796.8,0.0,0,0,,0,1,5067.1
54680,SANTIAGO,NORTE DE SANTANDER,7.865856,-72.716203,28,6,5582.1,0.0,0,0,,0,0,0
54720,SARDINATA,NORTE DE SANTANDER,8.082105,-72.800577,66,10,19192.2,441.0,1,0,,0,0,0
54743,SILOS,NORTE DE SANTANDER,7.204736,-72.757128,0,0,0,0,0,0,,0,0,0
54800,TEORAMA,NORTE DE SANTANDER,8.438134,-73.28707,0,0,0,0,1,0,,0,0,0
54810,TIBÚ,NORTE DE SANTANDER,8.639891,-72.734496,30,10,10040.9,0.0,1,0,,0,2,50.5
54820,TOLEDO,NORTE DE SANTANDER,7.307692,-72.481915,14,2,10587.1,0.0,0,0,,0,1,51036.7
54871,VILLA CARO,NORTE DE SANTANDER,7.914244,-72.973601,0,0,0,0,0,0,,0,0,0
54874,VILLA DEL ROSARIO,NORTE DE SANTANDER,7.847672,-72.469758,37,7,12249.3,218.0,0,0,,0,0,0
63001,ARMENIA,QUINDÍO,4.53598,-75.680786,0,0,3078.2,0.0,0,0,,0,0,0
63111,BUENAVISTA,QUINDÍO,4.360029,-75.739572,0,0,256.6,0.0,0,0,,0,1,50.7
63130,CALARCÁ,QUINDÍO,4.520982,-75.646085,32,3,2666.6,520.0,0,0,,0,0,0
63190,CIRCASIA,QUINDÍO,4.617759,-75.636533,0,0,0,0,0,0,,0,0,0
63212,CÓRDOBA,QUINDÍO,4.392485,-75.687866,0,0,3353.0,0.0,0,26.0,,0,0,0
63272,FILANDIA,QUINDÍO,4.674338,-75.658387,2,2,912.0,0.0,0,0,,0,5,9362.3
63302,GÉNOVA,QUINDÍO,4.206641,-75.790402,4,1,2633.0,1.0,0,0,,0,11,25377.0
63401,LA TEBAIDA,QUINDÍO,4.453755,-75.786887,10,4,3772.4,0.0,0,0,,0,1,62.3
63470,MONTENEGRO,QUINDÍO,4.565057,-75.749827,0,0,2353.1,0.0,0,0,,0,1,19.6
63548,PIJAO,QUINDÍO,4.335036,-75.703329,18,3,2510.8,128.0,0,0,,0,4,19817.0
63594,QUIMBAYA,QUINDÍO,4.624387,-75.765074,0,0,48.8,476.0,0,0,,0,0,0
63690,SALENTO,QUINDÍO,4.637157,-75.570844,0,0,270.7,392.0,0,0,,0,13,95681.0
66001,PEREIRA,RISARALDA,4.804985,-75.719711,17,4,9449.5,0.0,0,0,,0,0,0
66045,APÍA,RISARALDA,5.106526,-75.942356,36,9,8956.8,0.0,0,0,,0,2,333.5
66075,BALBOA,RISARALDA,4.949096,-75.958663,13,3,6736.1,0.0,0,0,,0,1,137.5
66088,BELÉN DE UMBRÍA,RISARALDA,5.200793,-75.868334,2,2,2117.6,1777.0,0,0,,0,1,528.5
66170,DOSQUEBRADAS,RISARALDA,4.833131,-75.675371,0,0,0,0,0,0,,0,1,2800.5
66318,GUÁTICA,RISARALDA,5.315367,-75.799005,1,1,202.0,0.0,0,0,,0,1,2250.8
66383,LA CELIA,RISARALDA,5.002787,-76.0032,0,0,0,0,0,0,,0,1,574.8
66400,LA VIRGINIA,RISARALDA,4.896624,-75.880394,7,3,4093.2,448.0,0,0,,0,3,1472.7
66440,MARSELLA,RISARALDA,4.935771,-75.73879,0,0,3150.7,0.0,0,0,,0,2,1119.1
66456,MISTRATÓ,RISARALDA,5.297039,-75.882886,0,0,18490.9,3455.0,0,0,,0,2,30851.0
66572,PUEBLO RICO,RISARALDA,5.222043,-76.030801,0,0,3662.3,1333.0,0,0,,0,2,43219.2
66594,QUINCHÍA,RISARALDA,5.340456,-75.730431,23,4,47624.0,0.0,0,0,0.73,1,1,271.9
66682,SANTA ROSA DE CABAL,RISARALDA,4.876271,-75.623268,23,4,15362.2,608.0,0,0,,0,3,22994.4
66687,SANTUARIO,RISARALDA,5.074911,-75.964628,51,12,4357.4,72.0,0,0,,0,1,510.3
68001,BUCARAMANGA,SANTANDER,7.11647,-73.132562,22,4,8106.1,1156.0,0,0,,0,0,0
68013,AGUADA,SANTANDER,6.162355,-73.523132,17,10,7349.2,0.0,0,0,,0,0,0
68020,ALBANIA,SANTANDER,5.759166,-73.91336,5,1,7663.8,754.0,0,14.0,,0,0,0
68051,ARATOCA,SANTANDER,6.694418,-73.01786,29,4,215.0,0.0,0,0,,0,0,0
68077,BARBOSA,SANTANDER,5.932531,-73.615965,0,0,0.0,0.0,0,0,,0,0,0
68079,BARICHARA,SANTANDER,6.634111,-73.223047,8,4,8451.0,0.0,0,0,,0,3,2.4
68081,BARRANCABERMEJA,SANTANDER,7.064857,-73.849243,70,6,4256.5,0.0,0,0,0.57,1,3,70143.8
68092,BETULIA,SANTANDER,6.899525,-73.283669,68,5,3314.9,250.0,0,0,,0,5,101.9
68101,BOLÍVAR,SANTANDER,5.988953,-73.771346,3,1,5090.0,0.0,0,0,,0,0,0
68121,CABRERA,SANTANDER,6.592118,-73.246475,1,1,1581.0,0.0,0,0,,0,0,0
68132,CALIFORNIA,SANTANDER,7.347989,-72.946491,43,3,17300.9,0.0,0,0,,0,1,11695.4
68147,CAPITANEJO,SANTANDER,6.527394,-72.695427,14,6,14640.9,348.0,0,0,,0,0,0
68152,CARCASÍ,SANTANDER,6.629016,-72.627099,0,0,0,0,0,0,,0,0,0
68160,CEPITÁ,SANTANDER,6.753518,-72.973536,14,1,5502.9,0.0,0,0,,0,1,3920.2
68162,CERRITO,SANTANDER,6.840405,-72.694851,0,0,0,0,0,0,,0,1,200.1
68167,CHARALÁ,SANTANDER,6.284339,-73.146873,16,4,6341.0,0.0,0,0,,0,1,60.8
68169,CHARTA,SANTANDER,7.28082,-72.968798,4,2,1360.4,0.0,0,0,,0,0,0
68176,CHIMA,SANTANDER,6.344348,-73.373656,0,0,0,0,0,0,,0,0,0
68179,CHIPATÁ,SANTANDER,6.062521,-73.637111,0,0,0.0,0.0,0,0,,0,2,49.3
68190,CIMITARRA,SANTANDER,6.320886,-73.953011,17,7,16840.9,62.0,0,0,,0,2,499.4
68207,CONCEPCIÓN,SANTANDER,6.768908,-72.694567,2,2,112.0,101.0,0,0,,0,1,281.4
68209,CONFINES,SANTANDER,6.357327,-73.240554,0,0,0,0,0,0,,0,0,0
68211,CONTRATACIÓN,SANTANDER,6.290561,-73.474426,3,1,3679.6,0.0,0,0,,0,0,0
68217,COROMORO,SANTANDER,6.294999,-73.040816,4,2,7739.0,470.0,0,0,,0,0,0
68229,CURITÍ,SANTANDER,6.605099,-73.069383,20,5,3039.1,0.0,0,0,,0,1,8.3
68235,EL CARMEN DE CHUCURÍ,SANTANDER,6.700038,-73.51066,9,1,4800.8,0.0,0,0,,0,3,478202.3
68245,EL GUACAMAYO,SANTANDER,6.245111,-73.496908,0,0,0,0,0,0,,0,0,0
68250,EL PEÑÓN,SANTANDER,6.05537,-73.815532,0,0,0.1,139.0,0,0,,0,1,48427.4
68255,EL PLAYÓN,SANTANDER,7.470715,-73.20287,0,0,0.0,376.0,0,0,,0,1,2804.2
68264,ENCINO,SANTANDER,6.137429,-73.098749,2,2,140.8,0.0,0,0,,0,4,134493.7
68266,ENCISO,SANTANDER,6.668034,-72.699647,14,4,9083.8,750.0,0,0,,0,0,0
68271,FLORIÁN,SANTANDER,5.804659,-73.97143,0,0,900.0,0.0,0,0,,0,0,0
68276,FLORIDABLANCA,SANTANDER,7.072329,-73.099104,4,2,8036.0,0.0,0,0,,0,3,8220.7
68296,GALÁN,SANTANDER,6.638423,-73.287769,0,0,0,0,0,0,,0,0,0
68298,GÁMBITA,SANTANDER,5.945998,-73.344185,0,0,7872.3,907.0,0,0,,0,1,112.9
68307,GIRÓN,SANTANDER,7.070432,-73.166832,106,8,12582.1,162.0,0,0,,0,1,3628.8
68318,GUACA,SANTANDER,6.876563,-72.856322,0,0,219.0,0.0,0,0,,0,0,0
68320,GUADALUPE,SANTANDER,6.245847,-73.419292,3,1,635.5,0.0,0,0,,0,0,0
68322,GUAPOTÁ,SANTANDER,6.308635,-73.320732,0,0,0,0,0,0,,0,0,0
68324,GUAVATÁ,SANTANDER,5.954348,-73.700906,0,0,80.0,0.0,0,0,,0,0,0
68327,GÜEPSA,SANTANDER,6.025013,-73.575146,0,0,0,0,0,0,,0,0,0
68344,HATO,SANTANDER,6.543957,-73.308399,0,0,0,0,0,0,,0,0,0
68368,JESÚS MARÍA,SANTANDER,5.876497,-73.783396,2,2,0,0,0,0,,0,0,0
68370,JORDÁN,SANTANDER,6.732727,-73.096053,0,0,0,0,0,0,,0,0,0
68377,LA BELLEZA,SANTANDER,5.85925,-73.965494,0,0,4785.1,0.0,0,0,,0,3,24804.3
68385,LANDÁZURI,SANTANDER,6.218812,-73.811359,13,3,8458.3,0.0,0,0,,0,0,0
68397,LA PAZ,SANTANDER,6.178509,-73.58959,37,7,9860.3,0.0,0,0,,0,0,0
68406,LEBRIJA,SANTANDER,7.113351,-73.219524,10,4,2531.3,0.0,0,0,,0,1,17.6
68418,LOS SANTOS,SANTANDER,6.755203,-73.102739,32,9,7407.8,528.0,0,0,,0,0,0
68425,MACARAVITA,SANTANDER,6.50658,-72.593105,7,1,185.5,0.0,0,0,,0,0,0
68432,MÁLAGA,SANTANDER,6.703081,-72.732089,2,2,5619.2,0.0,0,0,,0,0,0
68444,MATANZA,SANTANDER,7.323175,-73.015566,4,3,3744.3,1.0,0,0,,0,0,0
68464,MOGOTES,SANTANDER,6.475246,-72.969807,5,2,8880.8,11.0,0,0,,0,0,0
68468,MOLAGAVITA,SANTANDER,6.67432,-72.809175,0,0,2975.6,0.0,0,0,,0,0,0
68498,OCAMONTE,SANTANDER,6.339988,-73.122563,10,2,1893.9,0.0,0,0,,0,0,0
68500,OIBA,SANTANDER,6.26521,-73.299791,10,3,10707.7,927.0,0,0,,0,0,0
68502,ONZAGA,SANTANDER,6.344104,-72.816766,0,0,0,0,0,0,,0,0,0
68522,PALMAR,SANTANDER,6.537789,-73.29109,1,1,0.0,0.0,0,0,,0,0,0
68524,PALMAS DEL SOCORRO,SANTANDER,6.406139,-73.287764,0,0,0,0,0,0,,0,0,0
68533,PÁRAMO,SANTANDER,6.416811,-73.17022,1,1,636.5,0.0,0,0,,0,0,0
68547,PIEDECUESTA,SANTANDER,6.997245,-73.054795,29,5,4480.3,0.0,0,0,,0,0,0
68549,PINCHOTE,SANTANDER,6.531552,-73.174209,4,2,532.8,0.0,0,0,,0,0,0
68572,PUENTE NACIONAL,SANTANDER,5.878381,-73.677567,0,0,0,0,0,0,,0,2,26.8
68573,PUERTO PARRA,SANTANDER,6.650785,-74.056129,0,0,0,0,0,0,0.8,1,3,32279.7
68575,PUERTO WILCHES,SANTANDER,7.344057,-73.899909,22,2,200.0,0.0,0,0,,0,0,0
68615,RIONEGRO,SANTANDER,7.265014,-73.150177,27,8,29139.1,0.0,0,0,,0,2,1774.1
68655,SABANA DE TORRES,SANTANDER,7.391919,-73.49906,14,3,21366.7,843.0,0,0,,0,2,325.9
68669,SAN ANDRÉS,SANTANDER,6.811511,-72.848864,0,0,0.0,0.0,0,0,,0,0,0
68673,SAN BENITO,SANTANDER,6.126656,-73.50907,3,3,765.0,0.0,0,0,,0,0,0
68679,SAN GIL,SANTANDER,6.551952,-73.134776,24,4,9123.7,0.0,0,0,,0,0,0
68682,SAN JOAQUÍN,SANTANDER,6.427548,-72.867638,0,0,0,0,0,0,,0,0,0
68684,SAN JOSÉ DE MIRANDA,SANTANDER,6.658995,-72.733616,0,0,4937.4,0.0,0,0,,0,0,0
68686,SAN MIGUEL,SANTANDER,6.575315,-72.644123,15,3,4488.6,582.0,0,0,,0,0,0
68689,SAN VICENTE DE CHUCURÍ,SANTANDER,6.880383,-73.411024,52,4,5650.0,494.0,0,0,,0,16,695.3
68705,SANTA BÁRBARA,SANTANDER,6.990996,-72.907445,0,0,0.0,0.0,0,0,,0,1,6593.3
68720,SANTA HELENA DEL OPÓN,SANTANDER,6.339565,-73.616716,0,0,0,0,0,0,,0,0,0
68745,SIMACOTA,SANTANDER,6.443469,-73.337368,0,0,0,0,0,0,,0,0,0
68755,SOCORRO,SANTANDER,6.46387,-73.261198,1,1,1076.0,0.0,0,0,,0,0,0
68770,SUAITA,SANTANDER,6.101329,-73.44165,0,0,0,0,0,0,,0,1,1.0
68773,SUCRE,SANTANDER,5.918743,-73.790975,2,2,7699.5,267.0,0,0,,0,0,0
68780,SURATÁ,SANTANDER,7.36658,-72.984232,0,0,2537.4,0.0,0,0,,0,0,0
68820,TONA,SANTANDER,7.201417,-72.967023,0,0,1070.0,0.0,0,0,,0,0,0
68855,VALLE DE SAN JOSÉ,SANTANDER,6.448028,-73.143507,1,1,595.8,0.0,0,0,,0,0,0
68861,VÉLEZ,SANTANDER,6.009275,-73.672447,36,4,1087.0,0.0,0,0,,0,0,0
68867,VETAS,SANTANDER,7.30981,-72.871041,14,3,50533.0,564.0,0,0,,0,0,0
68872,VILLANUEVA,SANTANDER,6.670078,-73.174307,9,4,5694.6,0.0,0,0,,0,1,24.1
68895,ZAPATOCA,SANTANDER,6.814387,-73.268034,4,3,1070.8,0.0,0,0,,0,3,912.0
70001,SINCELEJO,SUCRE,9.302322,-75.395445,9,6,11672.6,0.0,0,0,,0,0,0
70110,BUENAVISTA,SUCRE,9.319794,-74.972827,0,0,0,0,0,0,,0,0,0
70124,CAIMITO,SUCRE,8.789324,-75.117141,0,0,2416.9,0.0,0,0,,0,0,0
70204,COLOSÓ,SUCRE,9.494192,-75.353256,4,2,0.0,0.0,1,0,,0,1,39.8
70215,COROZAL,SUCRE,9.318749,-75.293048,0,0,102.7,0.0,0,0,,0,0,0
70221,COVEÑAS,SUCRE,9.402779,-75.680158,0,0,0,0,0,0,,0,1,1818.6
70230,CHALÁN,SUCRE,9.545352,-75.312697,0,0,0,0,1,0,,0,2,6985.9
70233,EL ROBLE,SUCRE,9.100647,-75.198378,0,0,0,0,0,0,,0,1,120.0
70235,GALERAS,SUCRE,9.160379,-75.04959,0,0,0,0,0,0,,0,1,1575.5
70265,GUARANDA,SUCRE,8.468556,-74.537749,2,2,0.0,0.0,0,0,,0,0,0
70400,LA UNIÓN,SUCRE,8.853975,-75.276056,0,0,923.3,0.0,0,0,,0,0,0
70418,LOS PALMITOS,SUCRE,9.380269,-75.268716,0,0,0,0,1,0,,0,0,0
70429,MAJAGUAL,SUCRE,8.541163,-74.628077,0,0,0,0,0,0,,0,0,0
70473,MORROA,SUCRE,9.331395,-75.305949,0,0,8901.0,0.0,1,0,,0,0,0
70508,OVEJAS,SUCRE,9.527176,-75.229037,0,0,0.0,0.0,1,0,,0,2,378.0
70523,PALMITO,SUCRE,9.333157,-75.541264,0,0,0,0,1,0,,0,0,0
70670,SAMPUÉS,SUCRE,9.183193,-75.380222,2,1,0.0,0.0,0,0,,0,1,2.3
70678,SAN BENITO ABAD,SUCRE,8.930108,-75.031089,0,0,0.0,0.0,0,0,,0,0,0
70702,SAN JUAN DE BETULIA,SUCRE,9.273066,-75.243565,0,0,0,0,0,0,,0,0,0
70708,SAN MARCOS,SUCRE,8.661774,-75.133831,0,0,0.0,0.0,0,0,,0,1,27.8
70713,SAN ONOFRE,SUCRE,9.736955,-75.522398,0,0,0.0,0.0,1,0,,0,2,124400.5
70717,SAN PEDRO,SUCRE,9.39625,-75.063647,0,0,0,0,0,0,,0,0,0
70742,SAN LUIS DE SINCÉ,SUCRE,9.244308,-75.145999,0,0,0,0,0,0,,0,0,0
70771,SUCRE,SUCRE,8.811737,-74.723175,0,0,11404.9,0.0,0,0,,0,0,0
70820,SANTIAGO DE TOLÚ,SUCRE,9.525387,-75.581112,0,0,0.0,0.0,0,0,,0,1,2955.2
70823,SAN JOSÉ DE TOLUVIEJO,SUCRE,9.451819,-75.44085,46,11,5263.9,0.0,1,0,,0,3,814.5
73001,IBAGUÉ,TOLIMA,4.432248,-75.19425,33,12,22448.2,0.0,0,0,,0,12,10023.0
73024,ALPUJARRA,TOLIMA,3.391548,-74.9329,0,0,0,0,0,0,,0,0,0
73026,ALVARADO,TOLIMA,4.567356,-74.953418,14,4,11155.8,0.0,0,0,,0,2,233.6
73030,AMBALEMA,TOLIMA,4.782682,-74.764429,5,2,14102.1,772.0,0,0,,0,0,0
73043,ANZOÁTEGUI,TOLIMA,4.631756,-75.093772,0,0,2831.8,4.0,0,0,,0,5,962.6
73055,ARMERO,TOLIMA,5.030744,-74.884438,9,3,7789.0,0.0,0,0,,0,1,637.4
73067,ATACO,TOLIMA,3.590591,-75.382545,9,4,13219.4,563.0,1,0,,0,0,0
73124,CAJAMARCA,TOLIMA,4.438812,-75.431971,0,0,670.1,0.0,0,0,,0,7,3299.0
73148,CARMEN DE APICALÁ,TOLIMA,4.152334,-74.717633,9,2,18361.4,810.0,0,0,,0,0,0
73152,CASABIANCA,TOLIMA,5.078465,-75.120966,0,0,474.9,354.0,0,0,,0,0,0
73168,CHAPARRAL,TOLIMA,3.722918,-75.480765,21,7,24452.7,892.0,1,0,,0,0,0
73200,COELLO,TOLIMA,4.287276,-74.898464,89,15,15287.9,0.0,0,0,0.51,1,0,0
73217,COYAIMA,TOLIMA,3.798036,-75.193862,6,4,26781.2,1842.0,0,0,,0,0,0
73226,CUNDAY,TOLIMA,4.059259,-74.692227,0,0,0,0,0,0,,0,0,0
73236,DOLORES,TOLIMA,3.539072,-74.896761,0,0,34.3,0.0,0,0,,0,0,0
73268,ESPINAL,TOLIMA,4.151314,-74.885446,61,9,6132.3,0.0,0,0,,0,0,0
73270,FALAN,TOLIMA,5.123104,-74.953007,12,4,5342.6,400.0,0,0,,0,0,0
73275,FLANDES,TOLIMA,4.276373,-74.818763,53,8,5233.2,0.0,0,0,0.527,3,0,0
73283,FRESNO,TOLIMA,5.153576,-75.035722,2,2,1889.3,250.0,0,0,,0,0,0
73319,GUAMO,TOLIMA,4.030992,-74.968135,38,8,3538.8,0.0,0,0,,0,0,0
73347,HERVEO,TOLIMA,5.080228,-75.177151,0,0,0,0,0,0,,0,1,199.8
73349,HONDA,TOLIMA,5.211816,-74.75699,6,5,6640.7,0.0,0,0,,0,3,8104.6
73352,ICONONZO,TOLIMA,4.176487,-74.531969,9,3,4926.6,0.0,0,0,,0,1,1.6
73408,LÉRIDA,TOLIMA,4.862046,-74.910716,10,4,14266.7,0.0,0,0,,0,0,0
73411,LÍBANO,TOLIMA,4.92042,-75.061959,31,5,8285.8,8.0,0,0,,0,1,83.5
73443,SAN SEBASTIÁN DE MARIQUITA,TOLIMA,5.199708,-74.889276,0,0,12008.3,368.0,0,0,,0,1,569.3
73449,MELGAR,TOLIMA,4.203655,-74.641317,55,7,13273.3,0.0,0,0,,0,0,0
73461,MURILLO,TOLIMA,4.874341,-75.171022,0,0,2560.0,0.0,0,0,0.8,1,5,1604.0
73483,NATAGAIMA,TOLIMA,3.624324,-75.093182,3,3,0,0,0,0,,0,3,193.2
73504,ORTEGA,TOLIMA,3.934916,-75.222601,26,10,13070.2,91.0,0,0,,0,0,0
73520,PALOCABILDO,TOLIMA,5.120918,-75.022167,0,0,30.9,289.0,0,0,,0,1,22.6
73547,PIEDRAS,TOLIMA,4.543951,-74.878106,4,2,4424.0,0.0,0,0,,0,0,0
73555,PLANADAS,TOLIMA,3.197911,-75.644163,0,0,0,0,1,0,,0,1,0.1
73563,PRADO,TOLIMA,3.750939,-74.927447,0,0,0,0,0,0,,0,2,97.8
73585,PURIFICACIÓN,TOLIMA,3.857246,-74.935555,0,0,1500.0,0.0,0,0,,0,0,0
73616,RIOBLANCO,TOLIMA,3.529932,-75.644069,0,0,0,0,1,0,,0,1,21.8
73622,RONCESVALLES,TOLIMA,4.011567,-75.605959,0,0,0.0,0.0,0,0,,0,10,131694.4
73624,ROVIRA,TOLIMA,4.239019,-75.240648,15,6,3133.2,0.0,0,0,,0,3,334.3
73671,SALDAÑA,TOLIMA,3.929815,-75.016852,18,5,1477.8,759.0,0,0,0.69,1,0,0
73675,SAN ANTONIO,TOLIMA,3.914146,-75.480074,0,0,0,0,0,0,,0,1,5.0
73678,SAN LUIS,TOLIMA,4.133721,-75.095804,81,19,24796.5,339.0,0,0,,0,0,0
73686,SANTA ISABEL,TOLIMA,4.713606,-75.097934,6,5,7630.3,0.0,0,0,,0,2,95.0
73770,SUÁREZ,TOLIMA,4.048891,-74.831885,27,7,5300.5,106.0,0,0,,0,1,33.8
73854,VALLE DE SAN JUAN,TOLIMA,4.197494,-75.115669,24,6,26763.0,903.0,0,0,,0,0,0
73861,VENADILLO,TOLIMA,4.717878,-74.929333,9,3,8121.3,878.0,0,0,,0,4,333.9
73870,VILLAHERMOSA,TOLIMA,5.030452,-75.117729,12,4,0.0,0.0,0,0,,0,4,326.0
73873,VILLARRICA,TOLIMA,3.936902,-74.600285,0,0,1543.3,0.0,0,0,,0,2,64154.9
76001,SANTIAGO DE CALI,VALLE DEL CAUCA,3.413686,-76.52133,41,10,21634.3,0.0,0,0,,0,8,7708.8
76020,ALCALÁ,VALLE DEL CAUCA,4.674994,-75.779792,0,0,0,0,0,0,,0,1,3.5
76036,ANDALUCÍA,VALLE DEL CAUCA,4.171713,-76.167925,3,1,0.0,0.0,0,0,,0,9,203.5
76041,ANSERMANUEVO,VALLE DEL CAUCA,4.794984,-75.992003,48,7,5125.3,0.0,0,0,,0,0,0
76054,ARGELIA,VALLE DEL CAUCA,4.726945,-76.119905,0,0,0,0,0,0,,0,1,46.7
76100,BOLÍVAR,VALLE DEL CAUCA,4.337846,-76.183583,3,2,10075.0,0.0,0,0,,0,6,90.6
76109,BUENAVENTURA,VALLE DEL CAUCA,3.875708,-77.01074,4,3,13158.3,1882.0,1,0,,0,4,108604.9
76111,GUADALAJARA DE BUGA,VALLE DEL CAUCA,3.900736,-76.298979,23,3,1447.0,0.0,0,0,,0,2,8930.4
76113,BUGALAGRANDE,VALLE DEL CAUCA,4.208358,-76.15682,17,3,4315.2,25.0,0,0,,0,0,0
76122,CAICEDONIA,VALLE DEL CAUCA,4.334808,-75.830594,46,3,12911.4,379.0,0,0,,0,3,115.3
76126,CALIMA,VALLE DEL CAUCA,3.933664,-76.484132,1,1,6992.6,0.0,0,0,,0,4,18692.2
76130,CANDELARIA,VALLE DEL CAUCA,3.408354,-76.346519,6,3,5375.2,0.0,0,0,,0,1,11.9
76147,CARTAGO,VALLE DEL CAUCA,4.742192,-75.924374,27,5,8556.2,0.0,0,0,,0,1,88.9
76233,DAGUA,VALLE DEL CAUCA,3.657318,-76.68886,0,0,1906.0,0.0,0,0,,0,18,200806.7
76243,EL ÁGUILA,VALLE DEL CAUCA,4.906062,-76.042779,2,1,3180.2,695.0,0,0,,0,7,189.2
76246,EL CAIRO,VALLE DEL CAUCA,4.760874,-76.221611,0,0,0,0,0,0,,0,28,40773.4
76248,EL CERRITO,VALLE DEL CAUCA,3.684229,-76.311972,4,2,3862.4,0.0,0,0,,0,0,0
76250,EL DOVIO,VALLE DEL CAUCA,4.510452,-76.237084,0,0,1578.5,0.0,0,0,,0,10,109.9
76275,FLORIDA,VALLE DEL CAUCA,3.324118,-76.234199,1,1,1151.0,0.0,1,0,,0,1,2846.8
76306,GINEBRA,VALLE DEL CAUCA,3.724181,-76.268068,1,1,11510.0,0.0,0,0,,0,23,66707.9
76318,GUACARÍ,VALLE DEL CAUCA,3.761815,-76.330911,0,0,969.2,0.0,0,0,,0,0,0
76364,JAMUNDÍ,VALLE DEL CAUCA,3.258751,-76.538472,84,17,32332.1,0.0,0,0,,0,6,1961.2
76377,LA CUMBRE,VALLE DEL CAUCA,3.649268,-76.56805,0,0,21.4,0.0,0,0,,0,6,1338.7
76400,LA UNIÓN,VALLE DEL CAUCA,4.533869,-76.099661,0,0,2130.0,0.0,0,0,,0,0,0
76403,LA VICTORIA,VALLE DEL CAUCA,4.523603,-76.036529,9,4,11455.6,716.0,0,0,,0,1,87.8
76497,OBANDO,VALLE DEL CAUCA,4.575712,-75.974709,0,0,440.0,0.0,0,0,,0,2,20.4
76520,PALMIRA,VALLE DEL CAUCA,3.531544,-76.298846,25,7,9262.2,682.0,0,0,,0,3,196.7
76563,PRADERA,VALLE DEL CAUCA,3.419793,-76.241799,0,0,245.0,0.0,1,0,,0,12,4056.4
76606,RESTREPO,VALLE DEL CAUCA,3.821351,-76.523329,1,1,5071.4,258.0,0,0,,0,7,86528.7
76616,RIOFRÍO,VALLE DEL CAUCA,4.156908,-76.288313,7,3,9996.9,0.0,0,0,0.67,1,4,20.9
76622,ROLDANILLO,VALLE DEL CAUCA,4.413601,-76.152277,9,5,7438.0,0.0,0,0,,0,5,13619.7
76670,SAN PEDRO,VALLE DEL CAUCA,3.995073,-76.228692,0,0,0,0,0,0,,0,8,686.5
76736,SEVILLA,VALLE DEL CAUCA,4.270714,-75.931629,3,2,3601.0,0.0,0,0,,0,0,0
76823,TORO,VALLE DEL CAUCA,4.608085,-76.076859,0,0,0,0,0,0,,0,0,0
76828,TRUJILLO,VALLE DEL CAUCA,4.212037,-76.318818,4,2,4949.0,198.0,0,0,,0,11,4831.6
76834,TULUÁ,VALLE DEL CAUCA,4.085399,-76.197731,6,1,18254.0,299.0,0,0,,0,9,2258.9
76845,ULLOA,VALLE DEL CAUCA,4.703623,-75.737808,0,0,0,0,0,0,,0,2,17.1
76863,VERSALLES,VALLE DEL CAUCA,4.575019,-76.199203,0,0,0,0,0,0,,0,6,94.7
76869,VIJES,VALLE DEL CAUCA,3.698686,-76.441804,21,3,7281.1,0.0,0,0,,0,1,5.1
76890,YOTOCO,VALLE DEL CAUCA,3.861241,-76.382698,33,3,7186.9,0.0,0,0,,0,4,4773.4
76892,YUMBO,VALLE DEL CAUCA,3.540097,-76.499893,121,21,19490.7,1272.0,0,0,0.68,1,8,6801.0
76895,ZARZAL,VALLE DEL CAUCA,4.392658,-76.070795,8,2,7729.1,0.0,0,0,,0,2,100.6
81001,ARAUCA,ARAUCA,7.072726,-70.747408,6,3,189.6,709.0,0,0,,0,3,344.0
81065,ARAUQUITA,ARAUCA,7.02702,-71.426733,3,3,1938.0,0.0,1,0,,0,0,0
81220,CRAVO NORTE,ARAUCA,6.303913,-70.204286,0,0,0.0,0.0,0,0,0.766,12,4,332569.0
81300,FORTUL,ARAUCA,6.796695,-71.76877,0,0,0,0,1,0,,0,0,0
81591,PUERTO RONDÓN,ARAUCA,6.281461,-71.10339,0,0,0,0,0,0,,0,5,16072.3
81736,SARAVENA,ARAUCA,6.953926,-71.872812,12,3,3871.5,202.0,1,0,,0,2,4173.9
81794,TAME,ARAUCA,6.453324,-71.754427,27,5,2123.6,0.0,1,0,,0,1,1647.5
85001,YOPAL,CASANARE,5.327102,-72.396132,67,10,8787.3,0.0,0,0,0.74,11,9,6073.9
85010,AGUAZUL,CASANARE,5.172641,-72.546838,58,6,6643.6,0.0,0,0,,0,0,0
85015,CHÁMEZA,CASANARE,5.214527,-72.87016,0,0,0,0,0,0,,0,0,0
85125,HATO COROZAL,CASANARE,6.154099,-71.764213,20,3,8974.3,683.0,0,0,,0,1,516.8
85136,LA SALINA,CASANARE,6.127762,-72.334978,1,1,0,0,0,0,,0,1,33.6
85139,MANÍ,CASANARE,4.81681,-72.281384,7,3,3345.0,0.0,0,0,0.6,1,12,20172.3
85162,MONTERREY,CASANARE,4.877017,-72.894065,20,3,6144.0,0.0,0,0,,0,1,8.5
85225,NUNCHÍA,CASANARE,5.636474,-72.195323,24,6,6887.1,0.0,0,0,,0,3,87.2
85230,OROCUÉ,CASANARE,4.790258,-71.338533,6,2,7500.0,0.0,0,0,,0,16,24902.5
85250,PAZ DE ARIPORO,CASANARE,5.879827,-71.890348,16,2,2460.0,0.0,0,0,,0,4,2240.9
85263,PORE,CASANARE,5.72773,-71.99286,10,3,13960.6,0.0,0,0,,0,1,498.3
85279,RECETOR,CASANARE,5.229181,-72.760991,6,2,7677.8,0.0,0,0,,0,2,3404.9
85300,SABANALARGA,CASANARE,4.854787,-73.038696,6,2,900.0,0.0,0,0,,0,0,0
85315,SÁCAMA,CASANARE,6.096738,-72.250157,0,0,0,0,0,0,,0,0,0
85325,SAN LUIS DE PALENQUE,CASANARE,5.422397,-71.732198,0,0,0,0,0,0,,0,14,30547.0
85400,TÁMARA,CASANARE,5.829543,-72.16165,0,0,0,0,0,0,,0,1,414.4
85410,TAURAMENA,CASANARE,5.018977,-72.74662,16,3,7396.0,0.0,0,0,,0,3,213.5
85430,TRINIDAD,CASANARE,5.412178,-71.662812,0,0,305.0,0.0,0,0,,0,13,7965.4
85440,VILLANUEVA,CASANARE,4.61035,-72.927797,46,3,9346.4,0.0,0,0,,0,1,18.0
86001,MOCOA,PUTUMAYO,1.151172,-76.654238,5,4,13023.8,1890.0,1,271.0,,0,4,3854.5
86219,COLÓN,PUTUMAYO,1.190133,-76.972566,0,0,531.0,0.0,0,1.0,,0,0,0
86320,ORITO,PUTUMAYO,0.663593,-76.873276,22,3,16809.8,0.0,1,1050.0,,0,7,10683.7
86568,PUERTO ASÍS,PUTUMAYO,0.505627,-76.496887,0,0,11721.0,0.0,1,1571.0,,0,6,193.3
86569,PUERTO CAICEDO,PUTUMAYO,0.687784,-76.606118,7,5,7226.6,0.0,1,1005.0,,0,0,0
86571,PUERTO GUZMÁN,PUTUMAYO,0.962854,-76.407663,5,4,8533.9,0.0,1,7053.0,,0,0,0
86573,PUERTO LEGUÍZAMO,PUTUMAYO,-0.192318,-74.781842,0,0,6967.9,0.0,1,4950.0,,0,0,0
86749,SIBUNDOY,PUTUMAYO,1.20026,-76.917814,0,0,560.0,0.0,0,0,,0,0,0
86755,SAN FRANCISCO,PUTUMAYO,1.174194,-76.879283,1,1,12035.0,640.0,0,26.0,,0,1,37581.9
86757,SAN MIGUEL,PUTUMAYO,0.34346,-76.91217,3,3,3419.0,0.0,1,207.0,,0,0,0
86760,SANTIAGO,PUTUMAYO,1.147076,-77.002641,0,0,270.0,0.0,0,156.0,,0,5,50092.1
86865,VALLE DEL GUAMUEZ,PUTUMAYO,0.423506,-76.906751,1,1,1132.0,0.0,1,656.0,,0,0,0
86885,VILLAGARZÓN,PUTUMAYO,1.028821,-76.61721,2,2,5498.0,453.0,1,555.0,,0,1,9.0
88001,SAN ANDRÉS,"ARCHIPIÉLAGO DE SAN ANDRÉS, PROVIDENCIA Y SANTA CATALINA",12.578108,-81.707181,0,0,0,0,0,0,,0,2,45.9
88564,PROVIDENCIA,"ARCHIPIÉLAGO DE SAN ANDRÉS, PROVIDENCIA Y SANTA CATALINA",13.373185,-81.368386,0,0,0,0,0,0,,0,3,6215761.2
91001,LETICIA,AMAZONAS,-4.19895,-69.941721,0,0,908.5,0.0,0,171.0,,0,0,0
91263,EL ENCANTO,AMAZONAS,-1.74806,-73.207114,0,0,0,0,0,91.0,,0,0,0
91405,LA CHORRERA,AMAZONAS,-1.442617,-72.791889,0,0,0,0,0,300.0,,0,0,0
91407,LA PEDRERA,AMAZONAS,-1.320301,-69.585499,0,0,0,0,0,191.0,,0,0,0
91430,LA VICTORIA,AMAZONAS,0.054936,-71.223208,0,0,0,0,0,43.0,,0,0,0
91460,MIRITÍ - PARANÁ,AMAZONAS,-0.888833,-70.98893,0,0,0,0,0,227.0,,0,0,0
91530,PUERTO ALEGRÍA,AMAZONAS,-1.005674,-74.014461,0,0,0,0,0,289.0,,0,0,0
91536,PUERTO ARICA,AMAZONAS,-2.147039,-71.752186,0,0,0,0,0,144.0,,0,0,0
91540,PUERTO NARIÑO,AMAZONAS,-3.779934,-70.364937,0,0,0,0,0,42.0,,0,1,267240.6
91669,PUERTO SANTANDER,AMAZONAS,-0.621184,-72.384213,0,0,0,0,0,1618.0,,0,0,0
91798,TARAPACÁ,AMAZONAS,-2.890126,-69.741745,0,0,0,0,0,242.0,,0,0,0
94001,INÍRIDA,GUAINÍA,3.866764,-67.918613,0,0,18390.2,0.0,0,657.0,,0,2,998.2
94343,BARRANCOMINAS,GUAINÍA,3.494178,-69.814066,0,0,0,0,0,657.0,,0,0,0
94883,SAN FELIPE,GUAINÍA,1.912495,-67.067848,0,0,0,0,0,44.0,,0,0,0
94884,PUERTO COLOMBIA,GUAINÍA,2.726438,-67.566774,0,0,0,0,0,299.0,,0,0,0
94885,LA GUADALUPE,GUAINÍA,1.632464,-66.963692,0,0,0,0,0,84.0,,0,0,0
94886,CACAHUAL,GUAINÍA,3.52617,-67.413312,0,0,0,0,0,1137.0,,0,0,0
94887,PANA PANA,GUAINÍA,1.865668,-69.0099,0,0,0,0,0,122.0,,0,1,1100091.4
94888,MORICHAL,GUAINÍA,2.265132,-69.919404,0,0,0,0,0,144.0,,0,0,0
95001,SAN JOSÉ DEL GUAVIARE,GUAVIARE,2.565932,-72.639254,6,2,14342.6,0.0,1,19347.0,,0,0,0
95015,CALAMAR,GUAVIARE,1.960982,-72.655197,0,0,0,0,1,10733.0,,0,0,0
95025,EL RETORNO,GUAVIARE,2.330164,-72.627304,0,0,0.0,0.0,1,7611.0,,0,7,7231.3
95200,MIRAFLORES,GUAVIARE,1.337539,-71.950416,0,0,175.0,0.0,1,2091.0,,0,0,0
97001,MITÚ,VAUPÉS,1.253151,-70.232641,0,0,2649.5,0.0,0,1330.0,,0,0,0
97161,CARURÚ,VAUPÉS,1.016116,-71.30221,0,0,0,0,0,414.0,,0,0,0
97511,PACOA,VAUPÉS,0.020698,-71.004339,0,0,0,0,0,632.0,,0,0,0
97666,TARAIRA,VAUPÉS,-0.564984,-69.635497,1,1,109.3,0.0,0,197.0,,0,0,0
97777,PAPUNAHUA,VAUPÉS,1.908124,-70.76091,0,0,0,0,0,120.0,,0,0,0
97889,YAVARATÉ,VAUPÉS,0.609142,-69.203337,0,0,0,0,0,337.0,,0,0,0
99001,PUERTO CARREÑO,VICHADA,6.186636,-67.487095,2,2,11917.4,0.0,0,0,,0,11,7883.2
99524,LA PRIMAVERA,VICHADA,5.486309,-70.410515,0,0,132.0,0.0,0,0,,0,27,50920.8
99624,SANTA ROSALÍA,VICHADA,5.136393,-70.859499,0,0,20.0,0.0,0,0,,0,37,30685.4
99773,CUMARIBO,VICHADA,4.446352,-69.795533,0,0,920.4,0.0,0,6163.0,,0,0,0
